scoring,source,season,last_updated,ranking,player,position,position_rank,team,bye,tier,rank_best,rank_worst,rank_average,rank_stddev,adp_rank,player_id,fantasypros_url
ppr,FantasyPros ECR,2026,8/13,1,Ja'Marr Chase,WR,WR1,CIN,6,1,1,4,1.73,0.98,3,19788,https://www.fantasypros.com/nfl/players/jamarr-chase.php
ppr,FantasyPros ECR,2026,8/13,2,Puka Nacua,WR,WR2,LAR,11,1,1,8,3.02,1.20,4,23180,https://www.fantasypros.com/nfl/players/puka-nacua.php
ppr,FantasyPros ECR,2026,8/13,3,Jahmyr Gibbs,RB,RB1,DET,6,1,1,7,3.10,1.68,1,22968,https://www.fantasypros.com/nfl/players/jahmyr-gibbs.php
ppr,FantasyPros ECR,2026,8/13,4,Bijan Robinson,RB,RB2,ATL,11,1,1,7,3.44,1.59,2,23133,https://www.fantasypros.com/nfl/players/bijan-robinson.php
ppr,FantasyPros ECR,2026,8/13,5,Jaxon Smith-Njigba,WR,WR3,SEA,11,1,1,8,4.62,1.26,6,23070,https://www.fantasypros.com/nfl/players/jaxon-smith-njigba.php
ppr,FantasyPros ECR,2026,8/13,6,Amon-Ra St. Brown,WR,WR4,DET,6,1,4,9,5.70,1.29,8,19799,https://www.fantasypros.com/nfl/players/amonra-stbrown.php
ppr,FantasyPros ECR,2026,8/13,7,CeeDee Lamb,WR,WR5,DAL,14,2,6,16,8.63,1.65,12,19202,https://www.fantasypros.com/nfl/players/ceedee-lamb.php
ppr,FantasyPros ECR,2026,8/13,8,Christian McCaffrey,RB,RB3,SF,8,2,2,31,8.93,4.63,5,16393,https://www.fantasypros.com/nfl/players/christian-mccaffrey.php
ppr,FantasyPros ECR,2026,8/13,9,Justin Jefferson,WR,WR6,MIN,6,2,6,20,9.71,2.67,13,19236,https://www.fantasypros.com/nfl/players/justin-jefferson.php
ppr,FantasyPros ECR,2026,8/13,10,Jonathan Taylor,RB,RB4,IND,13,2,6,24,11.54,4.45,7,19217,https://www.fantasypros.com/nfl/players/jonathan-taylor.php
ppr,FantasyPros ECR,2026,8/13,11,Drake London,WR,WR7,ATL,11,2,8,26,12.37,3.44,16,23163,https://www.fantasypros.com/nfl/players/drake-london.php
ppr,FantasyPros ECR,2026,8/13,12,A.J. Brown,WR,WR8,NE,11,3,8,35,15.16,5.63,21,18218,https://www.fantasypros.com/nfl/players/aj-brown.php
ppr,FantasyPros ECR,2026,8/13,13,Nico Collins,WR,WR9,HOU,8,3,11,36,16.41,4.19,27,20130,https://www.fantasypros.com/nfl/players/nico-collins.php
ppr,FantasyPros ECR,2026,8/13,14,Ashton Jeanty,RB,RB5,LV,13,3,7,39,17.27,5.71,10,25989,https://www.fantasypros.com/nfl/players/ashton-jeanty.php
ppr,FantasyPros ECR,2026,8/13,15,Chase Brown,RB,RB6,CIN,6,3,7,34,17.65,5.82,15,25324,https://www.fantasypros.com/nfl/players/chase-brown.php
ppr,FantasyPros ECR,2026,8/13,16,James Cook III,RB,RB7,BUF,7,3,7,34,18.62,7.09,9,22958,https://www.fantasypros.com/nfl/players/james-cook.php
ppr,FantasyPros ECR,2026,8/13,17,Trey McBride,TE,TE1,ARI,14,3,15,32,19.05,5.42,19,22936,https://www.fantasypros.com/nfl/players/trey-mcbride.php
ppr,FantasyPros ECR,2026,8/13,18,George Pickens,WR,WR10,DAL,14,3,12,40,19.83,5.48,23,22963,https://www.fantasypros.com/nfl/players/george-pickens.php
ppr,FantasyPros ECR,2026,8/13,19,Chris Olave,WR,WR11,NO,8,3,11,44,20.41,6.62,28,20111,https://www.fantasypros.com/nfl/players/chris-olave.php
ppr,FantasyPros ECR,2026,8/13,20,De'Von Achane,RB,RB8,MIA,6,3,10,33,20.46,6.22,11,23136,https://www.fantasypros.com/nfl/players/devon-achane.php
ppr,FantasyPros ECR,2026,8/13,21,Brock Bowers,TE,TE2,LV,13,3,11,32,20.67,3.39,22,22955,https://www.fantasypros.com/nfl/players/brock-bowers.php
ppr,FantasyPros ECR,2026,8/13,22,Rashee Rice,WR,WR12,KC,5,3,8,45,21.68,8.41,24,23113,https://www.fantasypros.com/nfl/players/rashee-rice.php
ppr,FantasyPros ECR,2026,8/13,23,DeVonta Smith,WR,WR13,PHI,10,4,11,48,24.52,8.14,34,19222,https://www.fantasypros.com/nfl/players/devonta-smith.php
ppr,FantasyPros ECR,2026,8/13,24,Omarion Hampton,RB,RB9,LAC,7,4,11,46,25.20,7.38,17,25395,https://www.fantasypros.com/nfl/players/omarion-hampton.php
ppr,FantasyPros ECR,2026,8/13,25,Josh Allen,QB,QB1,BUF,7,4,21,36,25.91,2.52,26,17298,https://www.fantasypros.com/nfl/players/josh-allen-qb.php
ppr,FantasyPros ECR,2026,8/13,26,Saquon Barkley,RB,RB10,PHI,10,4,10,41,26.57,7.33,14,17240,https://www.fantasypros.com/nfl/players/saquon-barkley.php
ppr,FantasyPros ECR,2026,8/13,27,Malik Nabers,WR,WR14,NYG,8,4,11,60,29.18,11.20,29,25409,https://www.fantasypros.com/nfl/players/malik-nabers.php
ppr,FantasyPros ECR,2026,8/13,28,Kenneth Walker III,RB,RB11,KC,5,4,14,56,29.70,9.51,20,23021,https://www.fantasypros.com/nfl/players/kenneth-walker-rb.php
ppr,FantasyPros ECR,2026,8/13,29,Zay Flowers,WR,WR15,BAL,13,4,14,48,29.80,8.09,35,22916,https://www.fantasypros.com/nfl/players/zay-flowers.php
ppr,FantasyPros ECR,2026,8/13,30,Garrett Wilson,WR,WR16,NYJ,13,4,15,46,30.59,7.18,39,23072,https://www.fantasypros.com/nfl/players/garrett-wilson.php
ppr,FantasyPros ECR,2026,8/13,31,Lamar Jackson,QB,QB2,BAL,13,4,25,59,32.62,9.38,42,17233,https://www.fantasypros.com/nfl/players/lamar-jackson.php
ppr,FantasyPros ECR,2026,8/13,32,Tetairoa McMillan,WR,WR17,CAR,5,4,14,46,33.22,7.83,36,25417,https://www.fantasypros.com/nfl/players/tetairoa-mcmillan.php
ppr,FantasyPros ECR,2026,8/13,33,Tee Higgins,WR,WR18,CIN,6,4,19,52,34.73,7.71,41,19211,https://www.fantasypros.com/nfl/players/tee-higgins.php
ppr,FantasyPros ECR,2026,8/13,34,Ladd McConkey,WR,WR19,LAC,7,4,14,48,35.73,6.95,46,26122,https://www.fantasypros.com/nfl/players/ladd-mcconkey.php
ppr,FantasyPros ECR,2026,8/13,35,Emeka Egbuka,WR,WR20,TB,10,5,14,55,37.09,8.83,38,23062,https://www.fantasypros.com/nfl/players/emeka-egbuka.php
ppr,FantasyPros ECR,2026,8/13,36,Colston Loveland,TE,TE3,CHI,10,5,22,87,37.45,12.89,43,26006,https://www.fantasypros.com/nfl/players/colston-loveland.php
ppr,FantasyPros ECR,2026,8/13,37,Jaylen Waddle,WR,WR21,DEN,10,5,18,59,37.82,7.66,47,19790,https://www.fantasypros.com/nfl/players/jaylen-waddle.php
ppr,FantasyPros ECR,2026,8/13,38,Derrick Henry,RB,RB12,BAL,13,5,17,56,37.84,8.40,18,15514,https://www.fantasypros.com/nfl/players/derrick-henry.php
ppr,FantasyPros ECR,2026,8/13,39,Jeremiyah Love,RB,RB13,ARI,14,5,22,65,38.18,7.26,25,25403,https://www.fantasypros.com/nfl/players/jeremiyah-love.php
ppr,FantasyPros ECR,2026,8/13,40,Drake Maye,QB,QB3,NE,11,5,26,92,38.61,14.36,52,23046,https://www.fantasypros.com/nfl/players/drake-maye.php
ppr,FantasyPros ECR,2026,8/13,41,Breece Hall,RB,RB14,NYJ,13,5,32,67,40.76,6.39,33,22982,https://www.fantasypros.com/nfl/players/breece-hall.php
ppr,FantasyPros ECR,2026,8/13,42,Kyren Williams,RB,RB15,LAR,11,5,23,56,42.20,6.87,31,23059,https://www.fantasypros.com/nfl/players/kyren-williams.php
ppr,FantasyPros ECR,2026,8/13,43,Josh Jacobs,RB,RB16,GB,11,5,29,61,43.65,7.10,30,18269,https://www.fantasypros.com/nfl/players/josh-jacobs.php
ppr,FantasyPros ECR,2026,8/13,44,Terry McLaurin,WR,WR22,WAS,7,5,26,68,44.76,6.47,53,18466,https://www.fantasypros.com/nfl/players/terry-mclaurin.php
ppr,FantasyPros ECR,2026,8/13,45,Luther Burden III,WR,WR23,CHI,10,5,28,68,45.50,6.25,48,27016,https://www.fantasypros.com/nfl/players/luther-burden-iii.php
ppr,FantasyPros ECR,2026,8/13,46,Joe Burrow,QB,QB4,CIN,6,5,27,72,45.55,12.30,56,19196,https://www.fantasypros.com/nfl/players/joe-burrow.php
ppr,FantasyPros ECR,2026,8/13,47,Javonte Williams,RB,RB17,DAL,14,5,31,58,45.65,6.34,32,22739,https://www.fantasypros.com/nfl/players/javonte-williams.php
ppr,FantasyPros ECR,2026,8/13,48,Davante Adams,WR,WR24,LAR,11,5,36,81,49.93,7.54,49,12123,https://www.fantasypros.com/nfl/players/davante-adams.php
ppr,FantasyPros ECR,2026,8/13,49,Jayden Daniels,QB,QB5,WAS,7,5,27,92,50.65,14.62,60,22902,https://www.fantasypros.com/nfl/players/jayden-daniels.php
ppr,FantasyPros ECR,2026,8/13,50,Travis Etienne Jr.,RB,RB18,NO,8,5,34,72,50.70,7.62,40,19231,https://www.fantasypros.com/nfl/players/travis-etienne.php
ppr,FantasyPros ECR,2026,8/13,51,DJ Moore,WR,WR25,BUF,7,6,28,100,53.00,10.81,57,17265,https://www.fantasypros.com/nfl/players/dj-moore-wr.php
ppr,FantasyPros ECR,2026,8/13,52,Tyler Warren,TE,TE4,IND,13,6,22,73,53.44,9.93,50,26434,https://www.fantasypros.com/nfl/players/tyler-warren.php
ppr,FantasyPros ECR,2026,8/13,53,Mike Evans,WR,WR26,SF,8,6,38,82,53.83,9.62,63,12119,https://www.fantasypros.com/nfl/players/mike-evans.php
ppr,FantasyPros ECR,2026,8/13,54,Cam Skattebo,RB,RB19,NYG,8,6,39,77,55.17,8.18,37,27166,https://www.fantasypros.com/nfl/players/cam-skattebo.php
ppr,FantasyPros ECR,2026,8/13,55,Jameson Williams,WR,WR27,DET,6,6,42,100,56.04,10.00,58,23677,https://www.fantasypros.com/nfl/players/jameson-williams.php
ppr,FantasyPros ECR,2026,8/13,56,Christian Watson,WR,WR28,GB,11,6,40,109,56.32,11.16,67,23886,https://www.fantasypros.com/nfl/players/christian-watson.php
ppr,FantasyPros ECR,2026,8/13,57,Jalen Hurts,QB,QB6,PHI,10,6,27,79,57.07,10.81,64,19275,https://www.fantasypros.com/nfl/players/jalen-hurts.php
ppr,FantasyPros ECR,2026,8/13,58,Bucky Irving,RB,RB20,TB,10,6,33,78,58.23,8.89,44,25981,https://www.fantasypros.com/nfl/players/bucky-irving.php
ppr,FantasyPros ECR,2026,8/13,59,Rome Odunze,WR,WR29,CHI,10,6,42,82,58.93,7.89,61,25411,https://www.fantasypros.com/nfl/players/rome-odunze.php
ppr,FantasyPros ECR,2026,8/13,60,D'Andre Swift,RB,RB21,CHI,10,6,43,77,59.71,7.59,55,19210,https://www.fantasypros.com/nfl/players/dandre-swift.php
ppr,FantasyPros ECR,2026,8/13,61,Quinshon Judkins,RB,RB22,CLE,11,6,43,78,61.24,8.76,45,25391,https://www.fantasypros.com/nfl/players/quinshon-judkins.php
ppr,FantasyPros ECR,2026,8/13,62,David Montgomery,RB,RB23,HOU,8,6,42,86,61.78,9.66,54,18239,https://www.fantasypros.com/nfl/players/david-montgomery.php
ppr,FantasyPros ECR,2026,8/13,63,TreVeyon Henderson,RB,RB24,NE,11,6,41,86,63.38,9.77,51,23065,https://www.fantasypros.com/nfl/players/treveyon-henderson.php
ppr,FantasyPros ECR,2026,8/13,64,Carnell Tate,WR,WR30,TEN,9,6,45,176,66.07,18.56,66,26009,https://www.fantasypros.com/nfl/players/carnell-tate.php
ppr,FantasyPros ECR,2026,8/13,65,Caleb Williams,QB,QB7,CHI,10,6,37,98,68.80,11.14,79,23084,https://www.fantasypros.com/nfl/players/caleb-williams.php
ppr,FantasyPros ECR,2026,8/13,66,Marvin Harrison Jr.,WR,WR31,ARI,14,6,48,96,69.45,11.17,71,23064,https://www.fantasypros.com/nfl/players/marvin-harrison-jr.php
ppr,FantasyPros ECR,2026,8/13,67,Bhayshul Tuten,RB,RB25,JAC,7,6,47,99,69.76,11.37,59,27297,https://www.fantasypros.com/nfl/players/bhayshul-tuten.php
ppr,FantasyPros ECR,2026,8/13,68,Justin Herbert,QB,QB8,LAC,7,6,37,105,70.29,12.08,87,18635,https://www.fantasypros.com/nfl/players/justin-herbert.php
ppr,FantasyPros ECR,2026,8/13,69,Parker Washington,WR,WR32,JAC,7,6,45,121,71.68,18.62,78,23106,https://www.fantasypros.com/nfl/players/parker-washington.php
ppr,FantasyPros ECR,2026,8/13,70,Tucker Kraft,TE,TE5,GB,11,6,32,111,72.83,12.40,69,25298,https://www.fantasypros.com/nfl/players/tucker-kraft.php
ppr,FantasyPros ECR,2026,8/13,71,Harold Fannin Jr.,TE,TE6,CLE,11,7,32,112,75.12,11.74,65,27050,https://www.fantasypros.com/nfl/players/harold-fannin-jr.php
ppr,FantasyPros ECR,2026,8/13,72,Jaylen Warren,RB,RB26,PIT,9,7,63,93,75.57,6.99,72,24209,https://www.fantasypros.com/nfl/players/jaylen-warren.php
ppr,FantasyPros ECR,2026,8/13,73,Jadarian Price,RB,RB27,SEA,11,7,43,89,75.83,8.72,62,27329,https://www.fantasypros.com/nfl/players/jadarian-price.php
ppr,FantasyPros ECR,2026,8/13,74,DK Metcalf,WR,WR33,PIT,9,7,49,116,78.04,13.90,76,18219,https://www.fantasypros.com/nfl/players/dk-metcalf.php
ppr,FantasyPros ECR,2026,8/13,75,Trevor Lawrence,QB,QB9,JAC,7,7,59,105,79.01,12.12,89,19780,https://www.fantasypros.com/nfl/players/trevor-lawrence.php
ppr,FantasyPros ECR,2026,8/13,76,Brian Thomas Jr.,WR,WR34,JAC,7,7,52,109,79.20,12.33,75,23000,https://www.fantasypros.com/nfl/players/brian-thomas-jr.php
ppr,FantasyPros ECR,2026,8/13,77,Dak Prescott,QB,QB10,DAL,14,7,37,105,80.44,12.63,77,15600,https://www.fantasypros.com/nfl/players/dak-prescott.php
ppr,FantasyPros ECR,2026,8/13,78,Chris Godwin Jr.,WR,WR35,TB,10,7,51,123,81.22,12.82,96,16406,https://www.fantasypros.com/nfl/players/chris-godwin.php
ppr,FantasyPros ECR,2026,8/13,79,Tony Pollard,RB,RB28,TEN,9,7,58,102,81.83,8.94,73,18705,https://www.fantasypros.com/nfl/players/tony-pollard.php
ppr,FantasyPros ECR,2026,8/13,80,Rhamondre Stevenson,RB,RB29,NE,11,7,65,103,82.30,8.34,83,22726,https://www.fantasypros.com/nfl/players/rhamondre-stevenson.php
ppr,FantasyPros ECR,2026,8/13,81,Kyle Pitts Sr.,TE,TE7,ATL,11,7,66,111,82.65,8.95,68,20164,https://www.fantasypros.com/nfl/players/kyle-pitts.php
ppr,FantasyPros ECR,2026,8/13,82,Michael Pittman Jr.,WR,WR36,PIT,9,7,40,118,82.87,13.62,92,19278,https://www.fantasypros.com/nfl/players/michael-pittman.php
ppr,FantasyPros ECR,2026,8/13,83,Sam LaPorta,TE,TE8,DET,6,7,57,97,82.95,9.63,70,22978,https://www.fantasypros.com/nfl/players/sam-laporta.php
ppr,FantasyPros ECR,2026,8/13,84,Jordyn Tyson,WR,WR37,NO,8,7,51,165,84.18,18.36,82,26035,https://www.fantasypros.com/nfl/players/jordyn-tyson.php
ppr,FantasyPros ECR,2026,8/13,85,Courtland Sutton,WR,WR38,DEN,10,7,51,116,84.70,15.72,74,17253,https://www.fantasypros.com/nfl/players/courtland-sutton.php
ppr,FantasyPros ECR,2026,8/13,86,Josh Downs,WR,WR39,IND,13,7,51,126,85.56,14.69,107,24706,https://www.fantasypros.com/nfl/players/josh-downs.php
ppr,FantasyPros ECR,2026,8/13,87,Chuba Hubbard,RB,RB30,CAR,5,7,67,118,85.71,10.44,85,19792,https://www.fantasypros.com/nfl/players/chuba-hubbard.php
ppr,FantasyPros ECR,2026,8/13,88,Wan'Dale Robinson,WR,WR40,TEN,9,7,48,132,86.76,13.62,91,22985,https://www.fantasypros.com/nfl/players/wandale-robinson.php
ppr,FantasyPros ECR,2026,8/13,89,Rico Dowdle,RB,RB31,PIT,9,7,68,127,87.90,10.97,80,19647,https://www.fantasypros.com/nfl/players/rico-dowdle.php
ppr,FantasyPros ECR,2026,8/13,90,Alec Pierce,WR,WR41,IND,13,7,51,128,89.07,18.94,84,23791,https://www.fantasypros.com/nfl/players/alec-pierce.php
ppr,FantasyPros ECR,2026,8/13,91,Michael Wilson,WR,WR42,ARI,14,7,49,136,89.46,15.30,88,25333,https://www.fantasypros.com/nfl/players/michael-wilson.php
ppr,FantasyPros ECR,2026,8/13,92,RJ Harvey,RB,RB32,DEN,10,7,50,130,92.21,18.03,81,27142,https://www.fantasypros.com/nfl/players/rj-harvey.php
ppr,FantasyPros ECR,2026,8/13,93,Jaxson Dart,QB,QB11,NYG,8,7,63,114,93.83,13.21,86,23160,https://www.fantasypros.com/nfl/players/jaxson-dart.php
ppr,FantasyPros ECR,2026,8/13,94,Brock Purdy,QB,QB12,SF,8,8,63,125,97.17,9.54,103,19797,https://www.fantasypros.com/nfl/players/brock-purdy.php
ppr,FantasyPros ECR,2026,8/13,95,Travis Kelce,TE,TE9,KC,5,8,66,138,99.82,13.96,99,11594,https://www.fantasypros.com/nfl/players/travis-kelce.php
ppr,FantasyPros ECR,2026,8/13,96,Makai Lemon,WR,WR43,PHI,10,8,71,136,100.82,15.81,98,25420,https://www.fantasypros.com/nfl/players/makai-lemon.php
ppr,FantasyPros ECR,2026,8/13,97,Bo Nix,QB,QB13,DEN,10,8,70,125,101.11,9.18,114,22910,https://www.fantasypros.com/nfl/players/bo-nix.php
ppr,FantasyPros ECR,2026,8/13,98,Kenny Gainwell,RB,RB33,TB,10,8,77,146,101.26,13.95,101,23310,https://www.fantasypros.com/nfl/players/kenneth-gainwell.php
ppr,FantasyPros ECR,2026,8/13,99,Jakobi Meyers,WR,WR44,JAC,7,8,62,158,101.56,18.46,97,18598,https://www.fantasypros.com/nfl/players/jakobi-meyers.php
ppr,FantasyPros ECR,2026,8/13,100,Patrick Mahomes II,QB,QB14,KC,5,8,70,129,101.62,10.68,100,16413,https://www.fantasypros.com/nfl/players/patrick-mahomes.php
ppr,FantasyPros ECR,2026,8/13,101,Quentin Johnston,WR,WR45,LAC,7,8,62,128,102.70,14.89,104,23123,https://www.fantasypros.com/nfl/players/quentin-johnston.php
ppr,FantasyPros ECR,2026,8/13,102,J.K. Dobbins,RB,RB34,DEN,10,8,72,143,102.76,16.06,90,19245,https://www.fantasypros.com/nfl/players/jk-dobbins.php
ppr,FantasyPros ECR,2026,8/13,103,Kyle Monangai,RB,RB35,CHI,10,8,78,141,103.24,13.04,95,27131,https://www.fantasypros.com/nfl/players/kyle-monangai.php
ppr,FantasyPros ECR,2026,8/13,104,Matthew Stafford,QB,QB15,LAR,11,8,63,134,103.65,13.22,94,9451,https://www.fantasypros.com/nfl/players/matthew-stafford.php
ppr,FantasyPros ECR,2026,8/13,105,Jared Goff,QB,QB16,DET,6,8,59,124,106.70,11.49,121,15501,https://www.fantasypros.com/nfl/players/jared-goff.php
ppr,FantasyPros ECR,2026,8/13,106,George Kittle,TE,TE10,SF,8,8,73,229,107.55,22.57,93,16499,https://www.fantasypros.com/nfl/players/george-kittle.php
ppr,FantasyPros ECR,2026,8/13,107,Jonathon Brooks,RB,RB36,CAR,5,8,75,243,108.59,32.35,106,26148,https://www.fantasypros.com/nfl/players/jonathon-brooks.php
ppr,FantasyPros ECR,2026,8/13,108,Jordan Addison,WR,WR46,MIN,6,8,69,149,108.99,13.36,109,23107,https://www.fantasypros.com/nfl/players/jordan-addison.php
ppr,FantasyPros ECR,2026,8/13,109,Rachaad White,RB,RB37,WAS,7,8,75,146,109.43,15.91,108,23891,https://www.fantasypros.com/nfl/players/rachaad-white.php
ppr,FantasyPros ECR,2026,8/13,110,Jayden Reed,WR,WR47,GB,11,8,80,149,110.38,13.58,119,23020,https://www.fantasypros.com/nfl/players/jayden-reed.php
ppr,FantasyPros ECR,2026,8/13,111,Blake Corum,RB,RB38,LAR,11,8,84,145,111.33,13.25,102,23013,https://www.fantasypros.com/nfl/players/blake-corum.php
ppr,FantasyPros ECR,2026,8/13,112,Jake Ferguson,TE,TE11,DAL,14,8,73,160,113.18,15.74,113,22718,https://www.fantasypros.com/nfl/players/jake-ferguson.php
ppr,FantasyPros ECR,2026,8/13,113,Aaron Jones Sr.,RB,RB39,MIN,6,8,77,141,113.45,13.79,111,16673,https://www.fantasypros.com/nfl/players/aaron-jones.php
ppr,FantasyPros ECR,2026,8/13,114,Dalton Kincaid,TE,TE12,BUF,7,8,95,155,114.26,14.83,123,25247,https://www.fantasypros.com/nfl/players/dalton-kincaid.php
ppr,FantasyPros ECR,2026,8/13,115,Kyler Murray,QB,QB17,MIN,6,8,92,134,114.70,9.43,135,18600,https://www.fantasypros.com/nfl/players/kyler-murray.php
ppr,FantasyPros ECR,2026,8/13,116,Isaiah Likely,TE,TE13,NYG,8,8,85,229,117.09,26.12,112,23781,https://www.fantasypros.com/nfl/players/isaiah-likely.php
ppr,FantasyPros ECR,2026,8/13,117,Baker Mayfield,QB,QB18,TB,10,8,74,136,117.38,9.49,133,17237,https://www.fantasypros.com/nfl/players/baker-mayfield.php
ppr,FantasyPros ECR,2026,8/13,118,Jacory Croskey-Merritt,RB,RB40,WAS,7,8,78,143,118.51,12.14,115,27316,https://www.fantasypros.com/nfl/players/jacory-croskeymerritt.php
ppr,FantasyPros ECR,2026,8/13,119,Stefon Diggs,WR,WR48,WAS,7,8,60,227,111.33,39.89,128,13981,https://www.fantasypros.com/nfl/players/stefon-diggs.php
ppr,FantasyPros ECR,2026,8/13,120,Jordan Love,QB,QB19,GB,11,8,92,145,119.40,9.45,140,19246,https://www.fantasypros.com/nfl/players/jordan-love.php
ppr,FantasyPros ECR,2026,8/13,121,Khalil Shakir,WR,WR49,BUF,7,8,83,173,120.29,17.16,132,23748,https://www.fantasypros.com/nfl/players/khalil-shakir.php
ppr,FantasyPros ECR,2026,8/13,122,Jordan Mason,RB,RB41,MIN,6,8,84,146,122.07,13.15,118,22969,https://www.fantasypros.com/nfl/players/jordan-mason.php
ppr,FantasyPros ECR,2026,8/13,123,Tyler Shough,QB,QB20,NO,8,8,104,169,122.09,11.92,142,23096,https://www.fantasypros.com/nfl/players/tyler-shough.php
ppr,FantasyPros ECR,2026,8/13,124,Dallas Goedert,TE,TE14,PHI,10,8,87,190,123.06,18.51,110,17270,https://www.fantasypros.com/nfl/players/dallas-goedert.php
ppr,FantasyPros ECR,2026,8/13,125,Jayden Higgins,WR,WR50,HOU,8,8,96,176,123.17,13.43,136,27077,https://www.fantasypros.com/nfl/players/jayden-higgins.php
ppr,FantasyPros ECR,2026,8/13,126,Jalen Coker,WR,WR51,CAR,5,8,90,161,124.54,13.60,139,26403,https://www.fantasypros.com/nfl/players/jalen-coker.php
ppr,FantasyPros ECR,2026,8/13,127,Xavier Worthy,WR,WR52,KC,5,9,106,180,128.06,13.03,127,23019,https://www.fantasypros.com/nfl/players/xavier-worthy.php
ppr,FantasyPros ECR,2026,8/13,128,Mark Andrews,TE,TE15,BAL,13,9,95,173,128.15,20.55,122,17269,https://www.fantasypros.com/nfl/players/mark-andrews.php
ppr,FantasyPros ECR,2026,8/13,129,Malik Willis,QB,QB21,MIA,6,9,98,179,128.33,15.36,155,23499,https://www.fantasypros.com/nfl/players/malik-willis.php
ppr,FantasyPros ECR,2026,8/13,130,Romeo Doubs,WR,WR53,NE,11,9,96,178,129.96,14.89,126,23794,https://www.fantasypros.com/nfl/players/romeo-doubs.php
ppr,FantasyPros ECR,2026,8/13,131,KC Concepcion,WR,WR54,CLE,11,9,83,255,131.39,29.36,131,27331,https://www.fantasypros.com/nfl/players/kevin-concepcion.php
ppr,FantasyPros ECR,2026,8/13,132,Tyrone Tracy Jr.,RB,RB42,NYG,8,9,117,177,133.80,10.34,137,22980,https://www.fantasypros.com/nfl/players/tyrone-tracy-jr.php
ppr,FantasyPros ECR,2026,8/13,133,Matthew Golden,WR,WR55,GB,11,9,90,195,134.66,18.56,125,26024,https://www.fantasypros.com/nfl/players/matthew-golden.php
ppr,FantasyPros ECR,2026,8/13,134,Tyler Allgeier,RB,RB43,ARI,14,9,102,164,138.56,12.40,149,24172,https://www.fantasypros.com/nfl/players/tyler-allgeier.php
ppr,FantasyPros ECR,2026,8/13,135,Woody Marks,RB,RB44,HOU,8,9,99,164,139.16,12.89,134,27520,https://www.fantasypros.com/nfl/players/woody-marks.php
ppr,FantasyPros ECR,2026,8/13,136,Sam Darnold,QB,QB22,SEA,11,9,119,203,141.54,13.90,184,17236,https://www.fantasypros.com/nfl/players/sam-darnold.php
ppr,FantasyPros ECR,2026,8/13,137,C.J. Stroud,QB,QB23,HOU,8,9,108,214,141.98,17.75,171,23071,https://www.fantasypros.com/nfl/players/cj-stroud.php
ppr,FantasyPros ECR,2026,8/13,138,Chris Rodriguez Jr.,RB,RB45,JAC,7,9,118,237,142.43,17.20,144,22986,https://www.fantasypros.com/nfl/players/chris-rodriguez-jr.php
ppr,FantasyPros ECR,2026,8/13,139,Juwan Johnson,TE,TE16,NO,8,9,106,196,142.79,20.70,147,19562,https://www.fantasypros.com/nfl/players/juwan-johnson.php
ppr,FantasyPros ECR,2026,8/13,140,Zach Charbonnet,RB,RB46,SEA,11,9,80,245,144.61,23.96,129,23152,https://www.fantasypros.com/nfl/players/zach-charbonnet.php
ppr,FantasyPros ECR,2026,8/13,141,Tyjae Spears,RB,RB47,TEN,9,9,116,228,146.94,17.16,151,25323,https://www.fantasypros.com/nfl/players/tyjae-spears.php
ppr,FantasyPros ECR,2026,8/13,142,Rashid Shaheed,WR,WR56,SEA,11,9,121,208,147.32,15.23,143,24687,https://www.fantasypros.com/nfl/players/rashid-shaheed.php
ppr,FantasyPros ECR,2026,8/13,143,Deebo Samuel Sr.,WR,WR57,SF,8,9,83,241,141.49,34.28,130,18244,https://www.fantasypros.com/nfl/players/deebo-samuel.php
ppr,FantasyPros ECR,2026,8/13,144,Alvin Kamara,RB,RB48,NO,8,9,120,215,148.28,16.52,141,16421,https://www.fantasypros.com/nfl/players/alvin-kamara.php
ppr,FantasyPros ECR,2026,8/13,145,Dylan Sampson,RB,RB49,CLE,11,9,103,219,148.94,18.63,190,27102,https://www.fantasypros.com/nfl/players/dylan-sampson.php
ppr,FantasyPros ECR,2026,8/13,146,Isiah Pacheco,RB,RB50,DET,6,9,127,189,152.68,11.70,148,24333,https://www.fantasypros.com/nfl/players/isiah-pacheco.php
ppr,FantasyPros ECR,2026,8/13,147,Cam Ward,QB,QB24,TEN,9,9,127,246,152.73,21.58,180,24755,https://www.fantasypros.com/nfl/players/cam-ward.php
ppr,FantasyPros ECR,2026,8/13,148,Chig Okonkwo,TE,TE17,WAS,7,9,106,229,154.33,27.38,160,23982,https://www.fantasypros.com/nfl/players/chigoziem-okonkwo.php
ppr,FantasyPros ECR,2026,8/13,149,Brenton Strange,TE,TE18,JAC,7,9,111,236,155.34,25.88,154,25345,https://www.fantasypros.com/nfl/players/brenton-strange.php
ppr,FantasyPros ECR,2026,8/13,150,Daniel Jones,QB,QB25,IND,13,9,113,295,158.23,31.81,175,18232,https://www.fantasypros.com/nfl/players/daniel-jones.php
ppr,FantasyPros ECR,2026,8/13,151,Keaton Mitchell,RB,RB51,LAC,7,9,122,238,156.20,25.42,186,25360,https://www.fantasypros.com/nfl/players/keaton-mitchell.php
ppr,FantasyPros ECR,2026,8/13,152,Denzel Boston,WR,WR58,CLE,11,9,116,304,160.32,33.90,161,27339,https://www.fantasypros.com/nfl/players/denzel-boston.php
ppr,FantasyPros ECR,2026,8/13,153,Houston Texans,DST,DST1,HOU,8,9,144,177,152.97,5.43,105,8120,https://www.fantasypros.com/nfl/players/houston-defense.php
ppr,FantasyPros ECR,2026,8/13,154,Jerry Jeudy,WR,WR59,CLE,11,9,116,269,159.96,23.09,166,19201,https://www.fantasypros.com/nfl/players/jerry-jeudy.php
ppr,FantasyPros ECR,2026,8/13,155,Jauan Jennings,WR,WR60,MIN,6,9,91,270,156.84,30.66,189,19590,https://www.fantasypros.com/nfl/players/jauan-jennings.php
ppr,FantasyPros ECR,2026,8/13,156,Bryce Young,QB,QB26,CAR,5,10,134,276,166.77,22.69,206,22900,https://www.fantasypros.com/nfl/players/bryce-young.php
ppr,FantasyPros ECR,2026,8/13,157,Hunter Henry,TE,TE19,NE,11,10,124,228,167.26,23.76,150,15561,https://www.fantasypros.com/nfl/players/hunter-henry.php
ppr,FantasyPros ECR,2026,8/13,158,Tank Bigsby,RB,RB52,PHI,10,10,134,234,169.04,22.95,169,22908,https://www.fantasypros.com/nfl/players/tank-bigsby.php
ppr,FantasyPros ECR,2026,8/13,159,Adonai Mitchell,WR,WR61,NYJ,13,10,133,270,170.33,24.82,209,24357,https://www.fantasypros.com/nfl/players/adonai-mitchell.php
ppr,FantasyPros ECR,2026,8/13,160,Omar Cooper Jr.,WR,WR62,NYJ,13,10,133,301,167.84,34.08,191,28127,https://www.fantasypros.com/nfl/players/omar-cooper-jr.php
ppr,FantasyPros ECR,2026,8/13,161,Brian Robinson Jr.,RB,RB53,ATL,11,10,145,234,172.51,21.28,157,20094,https://www.fantasypros.com/nfl/players/brian-robinson-jr.php
ppr,FantasyPros ECR,2026,8/13,162,Jonah Coleman,RB,RB54,DEN,10,10,130,322,166.88,34.09,187,27320,https://www.fantasypros.com/nfl/players/jonah-coleman.php
ppr,FantasyPros ECR,2026,8/13,163,Jalen McMillan,WR,WR63,TB,10,10,128,293,170.02,25.64,167,23179,https://www.fantasypros.com/nfl/players/jalen-mcmillan.php
ppr,FantasyPros ECR,2026,8/13,164,Denver Broncos,DST,DST2,DEN,10,10,150,211,163.35,7.62,116,8090,https://www.fantasypros.com/nfl/players/denver-defense.php
ppr,FantasyPros ECR,2026,8/13,165,Tre Tucker,WR,WR64,LV,13,10,109,289,173.17,29.18,177,25337,https://www.fantasypros.com/nfl/players/tre-tucker.php
ppr,FantasyPros ECR,2026,8/13,166,Oronde Gadsden II,TE,TE20,LAC,7,10,97,246,176.46,37.28,165,25997,https://www.fantasypros.com/nfl/players/oronde-gadsden-ii.php
ppr,FantasyPros ECR,2026,8/13,167,Dalton Schultz,TE,TE21,HOU,8,10,97,236,178.48,26.17,179,17349,https://www.fantasypros.com/nfl/players/dalton-schultz.php
ppr,FantasyPros ECR,2026,8/13,168,De'Zhaun Stribling,WR,WR65,SF,8,10,100,290,178.77,43.41,174,28138,https://www.fantasypros.com/nfl/players/dezhaun-stribling.php
ppr,FantasyPros ECR,2026,8/13,169,Seattle Seahawks,DST,DST3,SEA,11,10,154,195,167.76,4.92,124,8260,https://www.fantasypros.com/nfl/players/seattle-defense.php
ppr,FantasyPros ECR,2026,8/13,170,Los Angeles Rams,DST,DST4,LAR,11,10,149,190,168.28,7.75,117,8280,https://www.fantasypros.com/nfl/players/los-angeles-rams-defense.php
ppr,FantasyPros ECR,2026,8/13,171,Tre' Harris,WR,WR66,LAC,7,10,140,296,180.90,27.64,230,26215,https://www.fantasypros.com/nfl/players/tre-harris.php
ppr,FantasyPros ECR,2026,8/13,172,Travis Hunter,WR,WR67,JAC,7,10,116,292,175.36,30.81,212,26034,https://www.fantasypros.com/nfl/players/travis-hunter.php
ppr,FantasyPros ECR,2026,8/13,173,Braelon Allen,RB,RB55,NYJ,13,10,132,266,181.23,33.09,197,24346,https://www.fantasypros.com/nfl/players/braelon-allen.php
ppr,FantasyPros ECR,2026,8/13,174,Philadelphia Eagles,DST,DST5,PHI,10,10,157,235,174.56,9.79,138,8230,https://www.fantasypros.com/nfl/players/philadelphia-defense.php
ppr,FantasyPros ECR,2026,8/13,175,Ryan Flournoy,WR,WR68,DAL,14,10,149,324,183.59,25.53,268,26398,https://www.fantasypros.com/nfl/players/ryan-flournoy.php
ppr,FantasyPros ECR,2026,8/13,176,T.J. Hockenson,TE,TE22,MIN,6,10,138,246,192.18,20.43,156,18290,https://www.fantasypros.com/nfl/players/tj-hockenson.php
ppr,FantasyPros ECR,2026,8/13,177,Jacoby Brissett,QB,QB27,ARI,14,10,134,285,193.33,36.28,238,15642,https://www.fantasypros.com/nfl/players/jacoby-brissett.php
ppr,FantasyPros ECR,2026,8/13,178,Brandon Aubrey,K,K1,DAL,14,10,166,193,186.37,3.60,120,26068,https://www.fantasypros.com/nfl/players/brandon-aubrey.php
ppr,FantasyPros ECR,2026,8/13,179,Ray Davis,RB,RB56,BUF,7,10,143,271,195.12,31.82,235,26191,https://www.fantasypros.com/nfl/players/ray-davis.php
ppr,FantasyPros ECR,2026,8/13,180,Kimani Vidal,RB,RB57,LAC,7,10,152,288,194.77,34.70,225,26355,https://www.fantasypros.com/nfl/players/kimani-vidal.php
ppr,FantasyPros ECR,2026,8/13,181,Pittsburgh Steelers,DST,DST6,PIT,9,10,161,240,187.69,8.39,159,8240,https://www.fantasypros.com/nfl/players/pittsburgh-defense.php
ppr,FantasyPros ECR,2026,8/13,182,New England Patriots,DST,DST7,NE,11,10,163,226,185.18,8.51,158,8180,https://www.fantasypros.com/nfl/players/new-england-defense.php
ppr,FantasyPros ECR,2026,8/13,183,Jacksonville Jaguars,DST,DST8,JAC,7,10,164,279,189.18,15.15,172,8140,https://www.fantasypros.com/nfl/players/jacksonville-defense.php
ppr,FantasyPros ECR,2026,8/13,184,Minnesota Vikings,DST,DST9,MIN,6,10,167,254,186.40,11.30,164,8170,https://www.fantasypros.com/nfl/players/minnesota-defense.php
ppr,FantasyPros ECR,2026,8/13,185,Jalen Nailor,WR,WR69,LV,13,10,123,305,196.78,44.17,168,24177,https://www.fantasypros.com/nfl/players/jalen-nailor.php
ppr,FantasyPros ECR,2026,8/13,186,Emmett Johnson,RB,RB58,KC,5,10,151,322,197.09,40.65,201,28107,https://www.fantasypros.com/nfl/players/emmett-johnson.php
ppr,FantasyPros ECR,2026,8/13,187,Los Angeles Chargers,DST,DST10,LAC,7,10,171,280,191.71,13.93,176,8250,https://www.fantasypros.com/nfl/players/los-angeles-chargers-defense.php
ppr,FantasyPros ECR,2026,8/13,188,Kayshon Boutte,WR,WR70,NE,11,10,154,277,192.15,25.91,200,22989,https://www.fantasypros.com/nfl/players/kayshon-boutte.php
ppr,FantasyPros ECR,2026,8/13,189,Sean Tucker,RB,RB59,TB,10,10,141,284,195.85,32.26,233,23679,https://www.fantasypros.com/nfl/players/sean-tucker.php
ppr,FantasyPros ECR,2026,8/13,190,Dontayvion Wicks,WR,WR71,PHI,10,10,133,268,201.63,30.24,270,24354,https://www.fantasypros.com/nfl/players/dontayvion-wicks.php
ppr,FantasyPros ECR,2026,8/13,191,Cameron Dicker,K,K2,LAC,7,10,170,227,194.37,5.80,146,23901,https://www.fantasypros.com/nfl/players/cameron-dicker.php
ppr,FantasyPros ECR,2026,8/13,192,Ka'imi Fairbairn,K,K3,HOU,8,10,173,213,192.31,3.81,152,15756,https://www.fantasypros.com/nfl/players/kaimi-fairbairn.php
ppr,FantasyPros ECR,2026,8/13,193,James Conner,RB,RB60,ARI,14,10,117,318,190.26,41.64,199,16447,https://www.fantasypros.com/nfl/players/james-conner.php
ppr,FantasyPros ECR,2026,8/13,194,Pat Bryant,WR,WR72,DEN,10,10,142,280,202.40,29.01,305,27211,https://www.fantasypros.com/nfl/players/pat-bryant.php
ppr,FantasyPros ECR,2026,8/13,195,AJ Barner,TE,TE23,SEA,11,10,138,256,207.91,25.18,202,26335,https://www.fantasypros.com/nfl/players/aj-barner.php
ppr,FantasyPros ECR,2026,8/13,196,Malik Washington,WR,WR73,MIA,6,11,128,291,200.44,39.58,221,26314,https://www.fantasypros.com/nfl/players/malik-washington.php
ppr,FantasyPros ECR,2026,8/13,197,Troy Franklin,WR,WR74,DEN,10,11,126,328,197.79,38.48,265,23092,https://www.fantasypros.com/nfl/players/troy-franklin.php
ppr,FantasyPros ECR,2026,8/13,198,Cam Little,K,K4,JAC,7,11,171,252,198.67,9.32,163,26475,https://www.fantasypros.com/nfl/players/cam-little.php
ppr,FantasyPros ECR,2026,8/13,199,Baltimore Ravens,DST,DST11,BAL,13,11,171,280,199.28,17.41,162,8020,https://www.fantasypros.com/nfl/players/baltimore-defense.php
ppr,FantasyPros ECR,2026,8/13,200,Jason Myers,K,K5,SEA,11,11,174,253,200.47,8.99,145,14003,https://www.fantasypros.com/nfl/players/jason-myers.php
ppr,FantasyPros ECR,2026,8/13,201,Jaylin Noel,WR,WR75,HOU,8,11,140,302,200.59,31.21,293,27122,https://www.fantasypros.com/nfl/players/jaylin-noel.php
ppr,FantasyPros ECR,2026,8/13,202,Calvin Ridley,WR,WR76,TEN,9,11,137,316,207.70,35.04,183,17258,https://www.fantasypros.com/nfl/players/calvin-ridley.php
ppr,FantasyPros ECR,2026,8/13,203,Emanuel Wilson,RB,RB61,SEA,11,11,143,293,209.34,35.75,214,25885,https://www.fantasypros.com/nfl/players/emanuel-wilson.php
ppr,FantasyPros ECR,2026,8/13,204,Green Bay Packers,DST,DST12,GB,11,11,181,279,201.30,21.30,205,8110,https://www.fantasypros.com/nfl/players/green-bay-defense.php
ppr,FantasyPros ECR,2026,8/13,205,Darnell Mooney,WR,WR77,NYG,8,11,142,295,206.96,24.09,242,19810,https://www.fantasypros.com/nfl/players/darnell-mooney.php
ppr,FantasyPros ECR,2026,8/13,206,Kenyon Sadiq,TE,TE24,NYJ,13,11,144,392,217.99,38.84,153,26055,https://www.fantasypros.com/nfl/players/kenyon-sadiq.php
ppr,FantasyPros ECR,2026,8/13,207,Eddy Pineiro,K,K6,SF,8,11,178,250,207.85,9.28,182,17575,https://www.fantasypros.com/nfl/players/eddy-pineiro.php
ppr,FantasyPros ECR,2026,8/13,208,Tyler Loop,K,K7,BAL,13,11,184,259,208.28,10.93,185,27534,https://www.fantasypros.com/nfl/players/tyler-loop.php
ppr,FantasyPros ECR,2026,8/13,209,Mike Washington Jr.,RB,RB62,LV,13,11,143,313,205.74,35.32,227,28108,https://www.fantasypros.com/nfl/players/mike-washington-jr.php
ppr,FantasyPros ECR,2026,8/13,210,Nicholas Singleton,RB,RB63,TEN,9,11,135,323,217.17,42.86,234,24343,https://www.fantasypros.com/nfl/players/nick-singleton.php
ppr,FantasyPros ECR,2026,8/13,211,Isaac TeSlaa,WR,WR78,DET,6,11,163,278,207.70,26.91,237,27446,https://www.fantasypros.com/nfl/players/isaac-teslaa.php
ppr,FantasyPros ECR,2026,8/13,212,Gunnar Helm,TE,TE25,TEN,9,11,153,281,221.18,26.93,251,27109,https://www.fantasypros.com/nfl/players/gunnar-helm.php
ppr,FantasyPros ECR,2026,8/13,213,Kansas City Chiefs,DST,DST13,KC,5,11,181,279,212.38,16.73,211,8150,https://www.fantasypros.com/nfl/players/kansas-city-defense.php
ppr,FantasyPros ECR,2026,8/13,214,Tank Dell,WR,WR79,HOU,8,11,150,281,215.37,28.30,173,25361,https://www.fantasypros.com/nfl/players/nathaniel-dell.php
ppr,FantasyPros ECR,2026,8/13,215,Rashod Bateman,WR,WR80,BAL,13,11,165,296,222.50,27.01,286,19794,https://www.fantasypros.com/nfl/players/rashod-bateman.php
ppr,FantasyPros ECR,2026,8/13,216,Geno Smith,QB,QB28,NYJ,13,11,147,309,227.89,34.97,368,11687,https://www.fantasypros.com/nfl/players/geno-smith.php
ppr,FantasyPros ECR,2026,8/13,217,Cairo Santos,K,K8,CHI,10,11,196,282,216.47,13.41,198,13731,https://www.fantasypros.com/nfl/players/cairo-santos.php
ppr,FantasyPros ECR,2026,8/13,218,MarShawn Lloyd,RB,RB64,GB,11,11,136,330,226.10,55.33,262,23118,https://www.fantasypros.com/nfl/players/marshawn-lloyd.php
ppr,FantasyPros ECR,2026,8/13,219,Jake Bates,K,K9,DET,6,11,180,282,225.11,17.20,178,26075,https://www.fantasypros.com/nfl/players/jake-bates.php
ppr,FantasyPros ECR,2026,8/13,220,Detroit Lions,DST,DST14,DET,6,11,185,279,220.79,21.92,181,8100,https://www.fantasypros.com/nfl/players/detroit-defense.php
ppr,FantasyPros ECR,2026,8/13,221,Cooper Kupp,WR,WR81,SEA,11,11,150,298,223.67,30.02,193,16433,https://www.fantasypros.com/nfl/players/cooper-kupp.php
ppr,FantasyPros ECR,2026,8/13,222,Aaron Rodgers,QB,QB29,PIT,9,11,147,343,223.95,43.65,247,9001,https://www.fantasypros.com/nfl/players/aaron-rodgers.php
ppr,FantasyPros ECR,2026,8/13,223,Evan McPherson,K,K10,CIN,6,11,176,261,213.64,13.27,219,23297,https://www.fantasypros.com/nfl/players/evan-mcpherson.php
ppr,FantasyPros ECR,2026,8/13,224,Andy Borregales,K,K11,NE,11,11,183,285,219.45,16.48,222,27291,https://www.fantasypros.com/nfl/players/andres-borregales.php
ppr,FantasyPros ECR,2026,8/13,225,Chase McLaughlin,K,K12,TB,10,11,183,282,224.58,18.16,203,19058,https://www.fantasypros.com/nfl/players/chase-mclaughlin.php
ppr,FantasyPros ECR,2026,8/13,226,Kaytron Allen,RB,RB65,WAS,7,11,158,324,228.76,37.06,244,24362,https://www.fantasypros.com/nfl/players/kaytron-allen.php
ppr,FantasyPros ECR,2026,8/13,227,Jaydon Blue,RB,RB66,DAL,14,11,135,328,229.15,47.89,241,24344,https://www.fantasypros.com/nfl/players/jaydon-blue.php
ppr,FantasyPros ECR,2026,8/13,228,Terrance Ferguson,TE,TE26,LAR,11,11,155,290,232.56,25.43,207,23091,https://www.fantasypros.com/nfl/players/terrance-ferguson.php
ppr,FantasyPros ECR,2026,8/13,229,Harrison Mevis,K,K13,LAR,11,11,187,282,232.04,23.32,170,26638,https://www.fantasypros.com/nfl/players/harrison-mevis.php
ppr,FantasyPros ECR,2026,8/13,230,Zachariah Branch,WR,WR82,ATL,11,11,150,313,232.83,32.85,232,25419,https://www.fantasypros.com/nfl/players/zachariah-branch.php
ppr,FantasyPros ECR,2026,8/13,231,Antonio Williams,WR,WR83,WAS,7,11,136,328,218.15,42.12,208,25418,https://www.fantasypros.com/nfl/players/antonio-williams-wr.php
ppr,FantasyPros ECR,2026,8/13,232,Buffalo Bills,DST,DST15,BUF,7,11,189,338,229.09,22.73,196,8030,https://www.fantasypros.com/nfl/players/buffalo-defense.php
ppr,FantasyPros ECR,2026,8/13,233,Pat Freiermuth,TE,TE27,PIT,9,11,131,329,239.16,30.06,245,20163,https://www.fantasypros.com/nfl/players/pat-freiermuth.php
ppr,FantasyPros ECR,2026,8/13,234,Chimere Dike,WR,WR84,TEN,9,11,149,307,227.51,37.65,325,27315,https://www.fantasypros.com/nfl/players/chimere-dike.php
ppr,FantasyPros ECR,2026,8/13,235,Jaylen Wright,RB,RB67,MIA,6,11,156,294,228.05,27.33,253,25987,https://www.fantasypros.com/nfl/players/jaylen-wright.php
ppr,FantasyPros ECR,2026,8/13,236,Cleveland Browns,DST,DST16,CLE,11,11,172,316,211.67,30.27,195,8070,https://www.fantasypros.com/nfl/players/cleveland-defense.php
ppr,FantasyPros ECR,2026,8/13,237,Cade Otton,TE,TE28,TB,10,11,181,290,245.45,19.63,210,23181,https://www.fantasypros.com/nfl/players/cade-otton.php
ppr,FantasyPros ECR,2026,8/13,238,Germie Bernard,WR,WR85,PIT,9,11,173,319,236.01,33.30,275,26039,https://www.fantasypros.com/nfl/players/germie-bernard.php
ppr,FantasyPros ECR,2026,8/13,239,Greg Dulcich,TE,TE29,MIA,6,11,131,306,198.53,43.32,231,23153,https://www.fantasypros.com/nfl/players/greg-dulcich.php
ppr,FantasyPros ECR,2026,8/13,240,Harrison Butker,K,K14,KC,5,11,187,313,240.70,24.64,192,16712,https://www.fantasypros.com/nfl/players/harrison-butker.php
ppr,FantasyPros ECR,2026,8/13,241,Ollie Gordon II,RB,RB68,MIA,6,12,169,309,241.43,23.12,303,25984,https://www.fantasypros.com/nfl/players/ollie-gordon.php
ppr,FantasyPros ECR,2026,8/13,242,Elic Ayomanor,WR,WR86,TEN,9,12,168,344,239.15,37.47,284,27059,https://www.fantasypros.com/nfl/players/elic-ayomanor.php
ppr,FantasyPros ECR,2026,8/13,243,Evan Engram,TE,TE30,DEN,10,12,181,300,254.68,23.13,344,16411,https://www.fantasypros.com/nfl/players/evan-engram.php
ppr,FantasyPros ECR,2026,8/13,244,David Njoku,TE,TE31,LAC,7,12,181,299,247.26,21.20,204,16399,https://www.fantasypros.com/nfl/players/david-njoku.php
ppr,FantasyPros ECR,2026,8/13,245,Fernando Mendoza,QB,QB30,LV,13,12,159,345,253.76,40.20,213,28013,https://www.fantasypros.com/nfl/players/fernando-mendoza.php
ppr,FantasyPros ECR,2026,8/13,246,Keon Coleman,WR,WR87,BUF,7,12,170,331,243.55,31.56,299,26019,https://www.fantasypros.com/nfl/players/keon-coleman.php
ppr,FantasyPros ECR,2026,8/13,247,Chris Boswell,K,K15,PIT,9,12,184,282,242.03,17.60,223,13029,https://www.fantasypros.com/nfl/players/chris-boswell.php
ppr,FantasyPros ECR,2026,8/13,248,Isaiah Davis,RB,RB69,NYJ,13,12,171,294,245.04,29.92,430,25977,https://www.fantasypros.com/nfl/players/isaiah-davis.php
ppr,FantasyPros ECR,2026,8/13,249,Jack Bech,WR,WR88,LV,13,12,180,331,245.35,26.90,296,27224,https://www.fantasypros.com/nfl/players/jack-bech.php
ppr,FantasyPros ECR,2026,8/13,250,Justice Hill,RB,RB70,BAL,13,12,145,310,242.04,41.07,224,18256,https://www.fantasypros.com/nfl/players/justice-hill.php
ppr,FantasyPros ECR,2026,8/13,251,Tory Horton,WR,WR89,SEA,11,12,197,323,253.17,24.38,302,26022,https://www.fantasypros.com/nfl/players/tory-horton.php
ppr,FantasyPros ECR,2026,8/13,252,George Holani,RB,RB71,SEA,11,12,160,313,251.87,42.28,274,22915,https://www.fantasypros.com/nfl/players/george-holani.php
ppr,FantasyPros ECR,2026,8/13,253,Colby Parkinson,TE,TE32,LAR,11,12,214,353,261.69,20.86,271,19372,https://www.fantasypros.com/nfl/players/colby-parkinson.php
ppr,FantasyPros ECR,2026,8/13,254,Tua Tagovailoa,QB,QB31,ATL,11,12,139,346,265.76,36.33,297,19198,https://www.fantasypros.com/nfl/players/tua-tagovailoa.php
ppr,FantasyPros ECR,2026,8/13,255,Christian Kirk,WR,WR90,SF,8,12,178,324,253.27,29.97,229,17268,https://www.fantasypros.com/nfl/players/christian-kirk.php
ppr,FantasyPros ECR,2026,8/13,256,Chris Bell,WR,WR91,MIA,6,12,150,311,248.68,33.07,300,26038,https://www.fantasypros.com/nfl/players/chris-bell.php
ppr,FantasyPros ECR,2026,8/13,257,Jordan James,RB,RB72,SF,8,12,160,401,265.23,42.67,228,27310,https://www.fantasypros.com/nfl/players/jordan-james.php
ppr,FantasyPros ECR,2026,8/13,258,Demond Claiborne,RB,RB73,MIN,6,12,164,354,252.49,38.14,259,28084,https://www.fantasypros.com/nfl/players/demond-claiborne.php
ppr,FantasyPros ECR,2026,8/13,259,Elijah Sarratt,WR,WR92,BAL,13,12,208,323,257.32,22.39,323,27463,https://www.fantasypros.com/nfl/players/elijah-sarratt.php
ppr,FantasyPros ECR,2026,8/13,260,Malachi Fields,WR,WR93,NYG,8,12,190,379,255.61,33.86,226,27994,https://www.fantasypros.com/nfl/players/malachi-fields.php
ppr,FantasyPros ECR,2026,8/13,261,Ty Johnson,RB,RB74,BUF,7,12,156,385,255.81,34.99,287,18406,https://www.fantasypros.com/nfl/players/ty-johnson.php
ppr,FantasyPros ECR,2026,8/13,262,Marvin Mims Jr.,WR,WR94,DEN,10,12,202,298,256.31,25.24,298,23080,https://www.fantasypros.com/nfl/players/marvin-mims.php
ppr,FantasyPros ECR,2026,8/13,263,Chris Brooks,RB,RB75,GB,11,12,175,321,265.91,31.95,386,25823,https://www.fantasypros.com/nfl/players/christopher-brooks.php
ppr,FantasyPros ECR,2026,8/13,264,Tyquan Thornton,WR,WR95,KC,5,12,170,370,268.21,31.53,410,22913,https://www.fantasypros.com/nfl/players/tyquan-thornton.php
ppr,FantasyPros ECR,2026,8/13,265,Xavier Legette,WR,WR96,CAR,5,12,196,326,258.79,31.89,400,26136,https://www.fantasypros.com/nfl/players/xavier-legette.php
ppr,FantasyPros ECR,2026,8/13,266,DJ Giddens,RB,RB76,IND,13,12,221,329,268.53,23.26,308,27097,https://www.fantasypros.com/nfl/players/dj-giddens.php
ppr,FantasyPros ECR,2026,8/13,267,Ted Hurst III,WR,WR97,TB,10,12,184,315,253.43,33.40,278,28130,https://www.fantasypros.com/nfl/players/ted-hurst.php
ppr,FantasyPros ECR,2026,8/13,268,Darius Slayton,WR,WR98,NYG,8,12,199,371,265.85,29.69,388,18706,https://www.fantasypros.com/nfl/players/darius-slayton.php
ppr,FantasyPros ECR,2026,8/13,269,Eli Stowers,TE,TE33,PHI,10,12,217,377,272.00,27.26,252,23144,https://www.fantasypros.com/nfl/players/eli-stowers.php
ppr,FantasyPros ECR,2026,8/13,270,Mason Taylor,TE,TE34,NYJ,13,12,203,336,270.33,29.61,264,26005,https://www.fantasypros.com/nfl/players/mason-taylor.php
ppr,FantasyPros ECR,2026,8/13,271,Will Reichard,K,K16,MIN,6,12,193,333,255.35,31.36,194,26341,https://www.fantasypros.com/nfl/players/will-reichard.php
ppr,FantasyPros ECR,2026,8/13,272,Wil Lutz,K,K17,DEN,10,12,188,333,269.60,31.65,248,16026,https://www.fantasypros.com/nfl/players/wil-lutz.php
ppr,FantasyPros ECR,2026,8/13,273,LeQuint Allen Jr.,RB,RB77,JAC,7,12,169,326,264.31,27.23,378,27285,https://www.fantasypros.com/nfl/players/lequint-allen-jr.php
ppr,FantasyPros ECR,2026,8/13,274,Samaje Perine,RB,RB78,CIN,6,12,157,414,273.91,39.42,280,16423,https://www.fantasypros.com/nfl/players/samaje-perine.php
ppr,FantasyPros ECR,2026,8/13,275,Theo Johnson,TE,TE35,NYG,8,12,196,357,277.38,25.79,317,23104,https://www.fantasypros.com/nfl/players/theo-johnson.php
ppr,FantasyPros ECR,2026,8/13,276,Trey Benson,RB,RB79,ARI,14,12,145,364,258.22,51.49,277,25388,https://www.fantasypros.com/nfl/players/trey-benson.php
ppr,FantasyPros ECR,2026,8/13,277,Devaughn Vele,WR,WR99,NO,8,12,219,315,271.46,20.26,335,26409,https://www.fantasypros.com/nfl/players/devaughn-vele.php
ppr,FantasyPros ECR,2026,8/13,278,Ja'Kobi Lane,WR,WR100,BAL,13,12,150,339,252.77,47.23,215,27337,https://www.fantasypros.com/nfl/players/jakobi-lane.php
ppr,FantasyPros ECR,2026,8/13,279,Kaelon Black,RB,RB80,SF,8,12,160,337,268.69,48.13,236,28401,https://www.fantasypros.com/nfl/players/kaelon-black.php
ppr,FantasyPros ECR,2026,8/13,280,Atlanta Falcons,DST,DST17,ATL,11,12,186,356,262.66,32.18,246,8010,https://www.fantasypros.com/nfl/players/atlanta-defense.php
ppr,FantasyPros ECR,2026,8/13,281,Michael Penix Jr.,QB,QB32,ATL,11,12,242,347,289.61,23.93,290,22973,https://www.fantasypros.com/nfl/players/michael-penix-jr.php
ppr,FantasyPros ECR,2026,8/13,282,San Francisco 49ers,DST,DST18,SF,8,12,194,356,261.32,30.74,218,8270,https://www.fantasypros.com/nfl/players/san-francisco-defense.php
ppr,FantasyPros ECR,2026,8/13,283,Brandon Aiyuk,WR,WR101,SF,8,12,128,385,242.75,60.09,243,19252,https://www.fantasypros.com/nfl/players/brandon-aiyuk.php
ppr,FantasyPros ECR,2026,8/13,284,Malik Davis,RB,RB81,DAL,14,12,197,343,281.60,28.62,389,24205,https://www.fantasypros.com/nfl/players/malik-davis.php
ppr,FantasyPros ECR,2026,8/13,285,Oscar Delp,TE,TE36,NO,8,12,221,372,302.28,34.04,462,25430,https://www.fantasypros.com/nfl/players/oscar-delp.php
ppr,FantasyPros ECR,2026,8/13,286,Keenan Allen,WR,WR102,LAC,7,12,168,298,265.97,28.59,249,11616,https://www.fantasypros.com/nfl/players/keenan-allen.php
ppr,FantasyPros ECR,2026,8/13,287,Shedeur Sanders,QB,QB33,CLE,11,12,214,350,293.99,29.47,257,25968,https://www.fantasypros.com/nfl/players/shedeur-sanders.php
ppr,FantasyPros ECR,2026,8/13,288,Kaleb Johnson,RB,RB82,PIT,9,12,164,343,267.13,30.63,306,27165,https://www.fantasypros.com/nfl/players/kaleb-johnson-rb.php
ppr,FantasyPros ECR,2026,8/13,289,Emari Demercado,RB,RB83,KC,5,12,162,381,287.38,37.47,355,25654,https://www.fantasypros.com/nfl/players/emari-demercado.php
ppr,FantasyPros ECR,2026,8/13,290,Deshaun Watson,QB,QB34,CLE,11,12,242,348,290.40,25.59,330,16398,https://www.fantasypros.com/nfl/players/deshaun-watson.php
ppr,FantasyPros ECR,2026,8/13,291,Kirk Cousins,QB,QB35,LV,13,12,212,349,292.67,29.34,307,11177,https://www.fantasypros.com/nfl/players/kirk-cousins.php
ppr,FantasyPros ECR,2026,8/13,292,Kyle Williams,WR,WR103,NE,11,12,195,333,265.67,32.98,272,27487,https://www.fantasypros.com/nfl/players/kyle-williams-wr-2025.php
ppr,FantasyPros ECR,2026,8/13,293,Mike Gesicki,TE,TE37,CIN,6,12,226,355,270.87,25.31,339,17272,https://www.fantasypros.com/nfl/players/mike-gesicki.php
ppr,FantasyPros ECR,2026,8/13,294,Hollywood Brown,WR,WR104,PHI,10,12,227,344,281.94,20.45,313,18226,https://www.fantasypros.com/nfl/players/marquise-brown.php
ppr,FantasyPros ECR,2026,8/13,295,Brashard Smith,RB,RB84,KC,5,12,234,337,276.41,23.45,310,27259,https://www.fantasypros.com/nfl/players/brashard-smith.php
ppr,FantasyPros ECR,2026,8/13,296,Devin Neal,RB,RB85,NO,8,12,190,377,273.72,36.06,309,23682,https://www.fantasypros.com/nfl/players/devin-neal.php
ppr,FantasyPros ECR,2026,8/13,297,Devin Singletary,RB,RB86,NYG,8,12,162,332,288.71,27.16,304,18280,https://www.fantasypros.com/nfl/players/devin-singletary.php
ppr,FantasyPros ECR,2026,8/13,298,Mack Hollins,WR,WR105,NE,11,12,199,384,271.82,37.73,343,16489,https://www.fantasypros.com/nfl/players/mack-hollins.php
ppr,FantasyPros ECR,2026,8/13,299,Kendre Miller,RB,RB87,NO,8,12,164,366,284.69,37.76,354,24360,https://www.fantasypros.com/nfl/players/kendre-miller.php
ppr,FantasyPros ECR,2026,8/13,300,Isaiah Bond,WR,WR106,CLE,11,13,215,388,287.30,28.62,404,24371,https://www.fantasypros.com/nfl/players/isaiah-bond.php
ppr,FantasyPros ECR,2026,8/13,301,Tyreek Hill,WR,WR107,FA,,13,137,392,256.67,51.04,188,15802,https://www.fantasypros.com/nfl/players/tyreek-hill.php
ppr,FantasyPros ECR,2026,8/13,302,Adam Randall,RB,RB88,BAL,13,13,205,338,291.34,28.24,,24367,https://www.fantasypros.com/nfl/players/adam-randall.php
ppr,FantasyPros ECR,2026,8/13,303,Skyler Bell,WR,WR108,BUF,7,13,200,384,283.10,34.66,322,28126,https://www.fantasypros.com/nfl/players/skyler-bell.php
ppr,FantasyPros ECR,2026,8/13,304,Najee Harris,RB,RB89,LAC,7,13,233,337,284.21,27.69,338,19302,https://www.fantasypros.com/nfl/players/najee-harris-rb.php
ppr,FantasyPros ECR,2026,8/13,305,Jerome Ford,RB,RB90,WAS,7,13,222,322,287.81,24.83,558,22921,https://www.fantasypros.com/nfl/players/jerome-ford.php
ppr,FantasyPros ECR,2026,8/13,306,Charlie Smyth,K,K18,NO,8,13,207,364,283.42,39.97,379,26444,https://www.fantasypros.com/nfl/players/charlie-smyth.php
ppr,FantasyPros ECR,2026,8/13,307,Jake Tonges,TE,TE38,SF,8,13,158,345,281.41,31.88,255,24778,https://www.fantasypros.com/nfl/players/jake-tonges.php
ppr,FantasyPros ECR,2026,8/13,308,Caleb Douglas,WR,WR109,MIA,6,13,164,390,261.79,56.20,288,28135,https://www.fantasypros.com/nfl/players/caleb-douglas.php
ppr,FantasyPros ECR,2026,8/13,309,Seth McGowan,RB,RB91,IND,13,13,208,343,294.10,29.54,,23079,https://www.fantasypros.com/nfl/players/seth-mcgowan.php
ppr,FantasyPros ECR,2026,8/13,310,Tahj Brooks,RB,RB92,CIN,6,13,209,343,299.77,26.19,449,26212,https://www.fantasypros.com/nfl/players/tahj-brooks.php
ppr,FantasyPros ECR,2026,8/13,311,New Orleans Saints,DST,DST19,NO,8,13,186,356,273.42,40.00,239,8190,https://www.fantasypros.com/nfl/players/new-orleans-defense.php
ppr,FantasyPros ECR,2026,8/13,312,Indianapolis Colts,DST,DST20,IND,13,13,190,357,279.44,35.97,260,8130,https://www.fantasypros.com/nfl/players/indianapolis-defense.php
ppr,FantasyPros ECR,2026,8/13,313,Jarquez Hunter,RB,RB93,LAR,11,13,256,361,300.07,20.45,376,24335,https://www.fantasypros.com/nfl/players/jarquez-hunter.php
ppr,FantasyPros ECR,2026,8/13,314,Jaleel McLaughlin,RB,RB94,DEN,10,13,177,337,290.79,29.12,,25876,https://www.fantasypros.com/nfl/players/jaleel-mclaughlin.php
ppr,FantasyPros ECR,2026,8/13,315,Andrei Iosivas,WR,WR110,CIN,6,13,197,361,276.51,30.14,381,25335,https://www.fantasypros.com/nfl/players/andrei-iosivas.php
ppr,FantasyPros ECR,2026,8/13,316,Cyrus Allen,WR,WR111,KC,5,13,165,439,249.13,59.45,258,28424,https://www.fantasypros.com/nfl/players/cyrus-allen.php
ppr,FantasyPros ECR,2026,8/13,317,Isaac Guerendo,RB,RB95,SF,8,13,231,362,301.93,25.15,,26392,https://www.fantasypros.com/nfl/players/isaac-guerendo.php
ppr,FantasyPros ECR,2026,8/13,318,Trevor Etienne,RB,RB96,CAR,5,13,263,338,306.50,18.30,,25393,https://www.fantasypros.com/nfl/players/trevor-etienne.php
ppr,FantasyPros ECR,2026,8/13,319,Audric Estime,RB,RB97,NO,8,13,251,370,303.76,23.37,370,23054,https://www.fantasypros.com/nfl/players/audric-estime.php
ppr,FantasyPros ECR,2026,8/13,320,Darnell Washington,TE,TE39,PIT,9,13,221,389,296.98,29.40,289,22967,https://www.fantasypros.com/nfl/players/darnell-washington.php
ppr,FantasyPros ECR,2026,8/13,321,Chicago Bears,DST,DST21,CHI,10,13,190,342,270.17,43.44,220,8050,https://www.fantasypros.com/nfl/players/chicago-defense.php
ppr,FantasyPros ECR,2026,8/13,322,Will Shipley,RB,RB98,PHI,10,13,274,360,319.36,20.98,441,22930,https://www.fantasypros.com/nfl/players/will-shipley.php
ppr,FantasyPros ECR,2026,8/13,323,Kareem Hunt,RB,RB99,FA,,13,238,422,314.37,26.93,315,16425,https://www.fantasypros.com/nfl/players/kareem-hunt.php
ppr,FantasyPros ECR,2026,8/13,324,Jalen Tolbert,WR,WR112,MIA,6,13,179,388,295.00,46.32,291,23770,https://www.fantasypros.com/nfl/players/jalen-tolbert.php
ppr,FantasyPros ECR,2026,8/13,325,Luke McCaffrey,WR,WR113,WAS,7,13,252,414,307.80,28.05,341,26328,https://www.fantasypros.com/nfl/players/luke-mccaffrey.php
ppr,FantasyPros ECR,2026,8/13,326,Chris Brazzell II,WR,WR114,CAR,5,13,238,368,280.63,32.32,494,28047,https://www.fantasypros.com/nfl/players/chris-brazzell-ii.php
ppr,FantasyPros ECR,2026,8/13,327,Cedric Tillman,WR,WR115,CLE,11,13,247,378,302.37,26.64,453,25287,https://www.fantasypros.com/nfl/players/cedric-tillman.php
ppr,FantasyPros ECR,2026,8/13,328,J.J. McCarthy,QB,QB36,MIN,6,13,278,359,320.70,19.09,261,23018,https://www.fantasypros.com/nfl/players/jj-mccarthy.php
ppr,FantasyPros ECR,2026,8/13,329,Michael Mayer,TE,TE40,LV,13,13,261,370,311.05,27.51,401,23056,https://www.fantasypros.com/nfl/players/michael-mayer.php
ppr,FantasyPros ECR,2026,8/13,330,Konata Mumpfield,WR,WR116,LAR,11,13,239,367,297.58,28.86,363,27449,https://www.fantasypros.com/nfl/players/konata-mumpfield.php
ppr,FantasyPros ECR,2026,8/13,331,Calvin Austin III,WR,WR117,NYG,8,13,247,411,309.14,36.23,409,23739,https://www.fantasypros.com/nfl/players/calvin-austin.php
ppr,FantasyPros ECR,2026,8/13,332,Jahan Dotson,WR,WR118,ATL,11,13,197,375,295.78,40.50,412,23101,https://www.fantasypros.com/nfl/players/jahan-dotson.php
ppr,FantasyPros ECR,2026,8/13,333,Elijah Arroyo,TE,TE41,SEA,11,13,264,369,311.06,23.55,316,23004,https://www.fantasypros.com/nfl/players/elijah-arroyo.php
ppr,FantasyPros ECR,2026,8/13,334,Tez Johnson,WR,WR119,TB,10,13,250,371,304.82,26.88,440,27147,https://www.fantasypros.com/nfl/players/tez-johnson.php
ppr,FantasyPros ECR,2026,8/13,335,Max Klare,TE,TE42,LAR,11,13,281,370,319.24,25.06,382,27993,https://www.fantasypros.com/nfl/players/max-klare.php
ppr,FantasyPros ECR,2026,8/13,336,Joe Mixon,RB,RB100,FA,,13,231,363,304.91,37.14,319,16420,https://www.fantasypros.com/nfl/players/joe-mixon.php
ppr,FantasyPros ECR,2026,8/13,337,Jalen Royals,WR,WR120,KC,5,13,259,371,311.83,23.83,492,27076,https://www.fantasypros.com/nfl/players/jalen-royals.php
ppr,FantasyPros ECR,2026,8/13,338,Tyler Higbee,TE,TE43,LAR,11,13,259,360,316.49,26.30,333,15623,https://www.fantasypros.com/nfl/players/tyler-higbee.php
ppr,FantasyPros ECR,2026,8/13,339,Olamide Zaccheaus,WR,WR121,ATL,11,13,224,371,309.28,32.48,443,18864,https://www.fantasypros.com/nfl/players/olamide-zaccheaus.php
ppr,FantasyPros ECR,2026,8/13,340,Cole Kmet,TE,TE44,CHI,10,14,259,382,322.14,24.92,295,19229,https://www.fantasypros.com/nfl/players/cole-kmet.php
ppr,FantasyPros ECR,2026,8/13,341,Mac Jones,QB,QB37,SF,8,14,302,444,334.38,25.74,318,20156,https://www.fantasypros.com/nfl/players/mac-jones.php
ppr,FantasyPros ECR,2026,8/13,342,DeMario Douglas,WR,WR122,NE,11,14,230,424,320.59,43.52,337,25304,https://www.fantasypros.com/nfl/players/demario-douglas.php
ppr,FantasyPros ECR,2026,8/13,343,Bam Knight,RB,RB101,ARI,14,14,201,358,300.21,32.99,,24901,https://www.fantasypros.com/nfl/players/zonovan-bam-knight.php
ppr,FantasyPros ECR,2026,8/13,344,Carson Beck,QB,QB38,ARI,14,14,284,368,323.97,20.01,292,22953,https://www.fantasypros.com/nfl/players/carson-beck.php
ppr,FantasyPros ECR,2026,8/13,345,Noah Gray,TE,TE45,KC,5,14,290,367,324.44,22.49,346,19539,https://www.fantasypros.com/nfl/players/noah-gray.php
ppr,FantasyPros ECR,2026,8/13,346,Ja'Tavion Sanders,TE,TE46,CAR,5,14,244,400,320.91,34.81,483,24334,https://www.fantasypros.com/nfl/players/jatavion-sanders.php
ppr,FantasyPros ECR,2026,8/13,347,Joshua Palmer,WR,WR123,BUF,7,14,221,374,308.81,35.43,336,22845,https://www.fantasypros.com/nfl/players/josh-palmer.php
ppr,FantasyPros ECR,2026,8/13,348,Ty Simpson,QB,QB39,LAR,11,14,287,390,338.71,25.99,279,25368,https://www.fantasypros.com/nfl/players/ty-simpson.php
ppr,FantasyPros ECR,2026,8/13,349,Treylon Burks,WR,WR124,WAS,7,14,195,396,315.50,46.57,470,22905,https://www.fantasypros.com/nfl/players/treylon-burks.php
ppr,FantasyPros ECR,2026,8/13,350,Carolina Panthers,DST,DST22,CAR,5,14,220,367,299.32,40.95,263,8040,https://www.fantasypros.com/nfl/players/carolina-defense.php
ppr,FantasyPros ECR,2026,8/13,351,Dawson Knox,TE,TE47,BUF,7,14,274,416,333.81,30.77,320,18631,https://www.fantasypros.com/nfl/players/dawson-knox.php
ppr,FantasyPros ECR,2026,8/13,352,Erick All Jr.,TE,TE48,CIN,6,14,256,411,322.59,35.27,485,23837,https://www.fantasypros.com/nfl/players/erick-all.php
ppr,FantasyPros ECR,2026,8/13,353,Eli Raridon,TE,TE49,NE,11,14,268,448,331.66,39.09,387,28154,https://www.fantasypros.com/nfl/players/eli-raridon.php
ppr,FantasyPros ECR,2026,8/13,354,Eli Heidenreich,RB,RB102,PIT,9,14,248,373,309.74,34.13,471,28297,https://www.fantasypros.com/nfl/players/eli-heidenreich.php
ppr,FantasyPros ECR,2026,8/13,355,Brenen Thompson,WR,WR125,LAC,7,14,244,389,306.50,40.68,408,28133,https://www.fantasypros.com/nfl/players/brenen-thompson.php
ppr,FantasyPros ECR,2026,8/13,356,Bryce Lance,WR,WR126,NO,8,14,270,386,319.88,31.07,437,28129,https://www.fantasypros.com/nfl/players/bryce-lance.php
ppr,FantasyPros ECR,2026,8/13,357,Dallas Cowboys,DST,DST23,DAL,14,14,179,366,257.33,65.60,216,8080,https://www.fantasypros.com/nfl/players/dallas-defense.php
ppr,FantasyPros ECR,2026,8/13,358,Justin Fields,QB,QB40,KC,5,14,296,390,342.72,23.12,321,19781,https://www.fantasypros.com/nfl/players/justin-fields.php
ppr,FantasyPros ECR,2026,8/13,359,Michael Carter,RB,RB103,TEN,9,14,283,416,330.04,27.22,,22728,https://www.fantasypros.com/nfl/players/michael-carter-rb.php
ppr,FantasyPros ECR,2026,8/13,360,Justin Joly,TE,TE50,DEN,10,14,274,380,337.81,27.73,537,28079,https://www.fantasypros.com/nfl/players/justin-joly.php
ppr,FantasyPros ECR,2026,8/13,361,Kendrick Bourne,WR,WR127,ARI,14,14,218,447,313.60,53.79,465,17066,https://www.fantasypros.com/nfl/players/kendrick-bourne.php
ppr,FantasyPros ECR,2026,8/13,362,Raheim Sanders,RB,RB104,CLE,11,14,256,384,323.10,29.06,473,24351,https://www.fantasypros.com/nfl/players/raheim-sanders.php
ppr,FantasyPros ECR,2026,8/13,363,Dont'e Thornton Jr.,WR,WR128,LV,13,14,269,371,312.61,32.09,481,27288,https://www.fantasypros.com/nfl/players/donte-thornton-jr.php
ppr,FantasyPros ECR,2026,8/13,364,Nick Chubb,RB,RB105,FA,,14,283,402,329.81,27.89,397,17246,https://www.fantasypros.com/nfl/players/nick-chubb.php
ppr,FantasyPros ECR,2026,8/13,365,John Metchie III,WR,WR129,CAR,5,14,244,417,321.68,42.11,294,22895,https://www.fantasypros.com/nfl/players/john-metchie.php
ppr,FantasyPros ECR,2026,8/13,366,Tyler Bass,K,K19,BUF,7,14,216,410,277.46,51.26,250,19760,https://www.fantasypros.com/nfl/players/tyler-bass.php
ppr,FantasyPros ECR,2026,8/13,367,Jaylin Lane,WR,WR130,WAS,7,14,293,378,336.82,27.75,484,27454,https://www.fantasypros.com/nfl/players/jaylin-lane.php
ppr,FantasyPros ECR,2026,8/13,368,Anthony Richardson Sr.,QB,QB41,IND,13,14,306,386,347.04,22.17,405,24347,https://www.fantasypros.com/nfl/players/anthony-richardson.php
ppr,FantasyPros ECR,2026,8/13,369,Noah Fant,TE,TE51,NO,8,14,287,387,342.09,27.33,435,17527,https://www.fantasypros.com/nfl/players/noah-fant.php
ppr,FantasyPros ECR,2026,8/13,370,Xavier Hutchinson,WR,WR131,HOU,8,14,253,378,330.84,32.03,472,25332,https://www.fantasypros.com/nfl/players/xavier-hutchinson.php
ppr,FantasyPros ECR,2026,8/13,371,Jake Elliott,K,K20,PHI,10,14,216,383,300.64,43.66,240,16540,https://www.fantasypros.com/nfl/players/jake-elliott.php
ppr,FantasyPros ECR,2026,8/13,372,Jawhar Jordan,RB,RB106,HOU,8,14,282,409,337.15,32.88,434,26329,https://www.fantasypros.com/nfl/players/jawhar-jordan.php
ppr,FantasyPros ECR,2026,8/13,373,New York Giants,DST,DST24,NYG,8,14,215,387,285.00,52.38,217,8200,https://www.fantasypros.com/nfl/players/new-york-giants-defense.php
ppr,FantasyPros ECR,2026,8/13,374,Cincinnati Bengals,DST,DST25,CIN,6,14,212,356,258.60,57.43,267,8060,https://www.fantasypros.com/nfl/players/cincinnati-defense.php
ppr,FantasyPros ECR,2026,8/13,375,Savion Williams,WR,WR132,GB,11,14,293,445,340.30,33.93,,27144,https://www.fantasypros.com/nfl/players/savion-williams.php
ppr,FantasyPros ECR,2026,8/13,376,Tutu Atwell,WR,WR133,MIA,6,14,247,425,335.89,41.92,417,20126,https://www.fantasypros.com/nfl/players/tutu-atwell.php
ppr,FantasyPros ECR,2026,8/13,377,J'Mari Taylor,RB,RB107,JAC,7,14,302,376,327.63,20.06,,28109,https://www.fantasypros.com/nfl/players/jmari-taylor.php
ppr,FantasyPros ECR,2026,8/13,378,Tampa Bay Buccaneers,DST,DST26,TB,10,14,206,365,276.60,56.03,256,8290,https://www.fantasypros.com/nfl/players/tampa-bay-defense.php
ppr,FantasyPros ECR,2026,8/13,379,Kevin Coleman Jr.,WR,WR134,MIA,6,14,255,421,333.00,48.39,458,28067,https://www.fantasypros.com/nfl/players/kevin-coleman-jr.php
ppr,FantasyPros ECR,2026,8/13,380,Phil Mafah,RB,RB108,DAL,14,14,243,400,306.75,42.13,569,22928,https://www.fantasypros.com/nfl/players/phil-mafah.php
ppr,FantasyPros ECR,2026,8/13,381,Luke Musgrave,TE,TE52,GB,11,14,295,384,349.26,23.66,357,25282,https://www.fantasypros.com/nfl/players/luke-musgrave.php
ppr,FantasyPros ECR,2026,8/13,382,Joe Flacco,QB,QB42,CIN,6,14,302,388,347.33,27.15,314,9300,https://www.fantasypros.com/nfl/players/joe-flacco.php
ppr,FantasyPros ECR,2026,8/13,383,KaVontae Turpin,WR,WR135,DAL,14,14,265,434,326.08,51.32,350,18520,https://www.fantasypros.com/nfl/players/kavontae-turpin.php
ppr,FantasyPros ECR,2026,8/13,384,Tommy Tremble,TE,TE53,CAR,5,14,291,403,344.53,29.85,384,22795,https://www.fantasypros.com/nfl/players/tommy-tremble.php
ppr,FantasyPros ECR,2026,8/13,385,Kalif Raymond,WR,WR136,CHI,10,14,272,380,328.17,35.05,365,16081,https://www.fantasypros.com/nfl/players/kalif-raymond.php
ppr,FantasyPros ECR,2026,8/13,386,Zane Gonzalez,K,K21,MIA,6,14,212,408,320.09,50.72,375,16548,https://www.fantasypros.com/nfl/players/zane-gonzalez.php
ppr,FantasyPros ECR,2026,8/13,387,Trey Smack,K,K22,GB,11,14,215,373,265.29,47.48,273,28507,https://www.fantasypros.com/nfl/players/trey-smack.php
ppr,FantasyPros ECR,2026,8/13,388,Ben Sinnott,TE,TE54,WAS,7,14,326,386,352.50,17.42,533,26310,https://www.fantasypros.com/nfl/players/ben-sinnott.php
ppr,FantasyPros ECR,2026,8/13,389,Charlie Kolar,TE,TE55,LAC,7,14,259,392,328.64,40.17,,22756,https://www.fantasypros.com/nfl/players/charlie-kolar.php
ppr,FantasyPros ECR,2026,8/13,390,CJ Daniels,WR,WR137,LAR,11,14,289,419,349.14,34.50,416,28125,https://www.fantasypros.com/nfl/players/cj-daniels.php
ppr,FantasyPros ECR,2026,8/13,391,Ashton Dulin,WR,WR138,IND,13,14,250,340,302.75,28.93,529,18656,https://www.fantasypros.com/nfl/players/ashton-dulin.php
ppr,FantasyPros ECR,2026,8/13,392,Darren Waller,TE,TE56,CAR,5,14,236,379,326.40,44.04,,14104,https://www.fantasypros.com/nfl/players/darren-waller.php
ppr,FantasyPros ECR,2026,8/13,393,Mitchell Evans,TE,TE57,CAR,5,14,319,387,357.87,19.77,438,27138,https://www.fantasypros.com/nfl/players/mitchell-evans.php
ppr,FantasyPros ECR,2026,8/13,394,John Bates,TE,TE58,WAS,7,14,274,430,330.10,46.48,532,22833,https://www.fantasypros.com/nfl/players/john-bates.php
ppr,FantasyPros ECR,2026,8/13,395,Zavion Thomas,WR,WR139,CHI,10,14,266,442,340.18,51.09,377,28132,https://www.fantasypros.com/nfl/players/zavion-thomas.php
ppr,FantasyPros ECR,2026,8/13,396,Jameis Winston,QB,QB43,NYG,8,14,322,398,353.08,23.84,311,13891,https://www.fantasypros.com/nfl/players/jameis-winston.php
ppr,FantasyPros ECR,2026,8/13,397,Nick Westbrook-Ikhine,WR,WR140,IND,13,14,258,380,342.64,40.54,464,19747,https://www.fantasypros.com/nfl/players/nick-westbrook.php
ppr,FantasyPros ECR,2026,8/13,398,Marcus Mariota,QB,QB44,WAS,7,14,322,398,351.08,29.33,439,13890,https://www.fantasypros.com/nfl/players/marcus-mariota.php
ppr,FantasyPros ECR,2026,8/13,399,Blake Grupe,K,K23,IND,13,14,214,354,262.20,51.59,276,25533,https://www.fantasypros.com/nfl/players/blake-grupe.php
ppr,FantasyPros ECR,2026,8/13,400,Daniel Bellinger,TE,TE59,TEN,9,15,306,397,348.36,32.84,489,24238,https://www.fantasypros.com/nfl/players/daniel-bellinger.php
ppr,FantasyPros ECR,2026,8/13,401,Nick Folk,K,K24,ATL,11,15,230,366,267.40,49.79,269,9491,https://www.fantasypros.com/nfl/players/nick-folk.php
ppr,FantasyPros ECR,2026,8/13,402,Tennessee Titans,DST,DST27,TEN,9,15,212,356,293.00,63.90,254,8300,https://www.fantasypros.com/nfl/players/tennessee-defense.php
ppr,FantasyPros ECR,2026,8/13,403,Malik Benson,WR,WR141,LV,13,15,236,436,331.00,72.59,411,26012,https://www.fantasypros.com/nfl/players/malik-benson.php
ppr,FantasyPros ECR,2026,8/13,404,Austin Ekeler,RB,RB109,FA,,15,315,392,358.92,21.90,582,16483,https://www.fantasypros.com/nfl/players/austin-ekeler.php
ppr,FantasyPros ECR,2026,8/13,405,Jake Moody,K,K25,WAS,7,15,248,333,279.60,30.23,328,24009,https://www.fantasypros.com/nfl/players/jake-moody.php
ppr,FantasyPros ECR,2026,8/13,406,Devontez Walker,WR,WR142,BAL,13,15,287,452,352.40,47.36,312,26011,https://www.fantasypros.com/nfl/players/devontez-walker.php
ppr,FantasyPros ECR,2026,8/13,407,Jordan Whittington,WR,WR143,LAR,11,15,298,443,352.80,44.12,348,23135,https://www.fantasypros.com/nfl/players/jordan-whittington.php
ppr,FantasyPros ECR,2026,8/13,408,Dameon Pierce,RB,RB110,PHI,10,15,321,383,353.00,20.64,,22947,https://www.fantasypros.com/nfl/players/dameon-pierce.php
ppr,FantasyPros ECR,2026,8/13,409,Joe Milton III,QB,QB45,DAL,14,15,320,388,354.00,21.52,364,25967,https://www.fantasypros.com/nfl/players/joe-milton.php
ppr,FantasyPros ECR,2026,8/13,410,Deion Burks,WR,WR144,IND,13,15,290,455,352.33,50.21,,27093,https://www.fantasypros.com/nfl/players/deion-burks.php
ppr,FantasyPros ECR,2026,8/13,411,Kyle Juszczyk,RB,RB111,SF,8,15,237,364,341.38,40.81,366,11798,https://www.fantasypros.com/nfl/players/kyle-juszczyk.php
ppr,FantasyPros ECR,2026,8/13,412,Roman Wilson,WR,WR145,PIT,9,15,272,362,317.33,30.95,374,28896,https://www.fantasypros.com/nfl/players/roman-wilson-wr.php
ppr,FantasyPros ECR,2026,8/13,413,Las Vegas Raiders,DST,DST28,LV,13,15,161,361,269.75,71.26,266,8220,https://www.fantasypros.com/nfl/players/las-vegas-defense.php
ppr,FantasyPros ECR,2026,8/13,414,Roschon Johnson,RB,RB112,CHI,10,15,317,391,354.33,23.94,423,25322,https://www.fantasypros.com/nfl/players/roschon-johnson.php
ppr,FantasyPros ECR,2026,8/13,415,Austin Hooper,TE,TE60,ATL,11,15,310,392,349.63,29.05,528,15581,https://www.fantasypros.com/nfl/players/austin-hooper.php
ppr,FantasyPros ECR,2026,8/13,416,Jam Miller,RB,RB113,NE,11,15,284,387,350.13,32.19,578,27326,https://www.fantasypros.com/nfl/players/jam-miller.php
ppr,FantasyPros ECR,2026,8/13,417,Rasheen Ali,RB,RB114,BAL,13,15,314,365,344.57,19.15,,25983,https://www.fantasypros.com/nfl/players/rasheen-ali.php
ppr,FantasyPros ECR,2026,8/13,418,Damien Martinez,RB,RB115,GB,11,15,311,412,355.75,29.18,571,25976,https://www.fantasypros.com/nfl/players/damien-martinez.php
ppr,FantasyPros ECR,2026,8/13,419,Ben Sauls,K,K26,NYG,8,15,250,454,325.80,75.20,327,27798,https://www.fantasypros.com/nfl/players/ben-sauls.php
ppr,FantasyPros ECR,2026,8/13,420,Dyami Brown,WR,WR146,WAS,7,15,301,456,362.50,45.04,,20113,https://www.fantasypros.com/nfl/players/dyami-brown.php
ppr,FantasyPros ECR,2026,8/13,421,Sione Vaki,RB,RB116,DET,6,15,299,393,338.83,35.62,512,26309,https://www.fantasypros.com/nfl/players/sione-vaki.php
ppr,FantasyPros ECR,2026,8/13,422,Chad Ryland,K,K27,ARI,14,15,211,394,325.60,63.04,349,25354,https://www.fantasypros.com/nfl/players/chad-ryland.php
ppr,FantasyPros ECR,2026,8/13,423,Cade Klubnik,QB,QB46,NYJ,13,15,301,359,326.80,21.67,420,24361,https://www.fantasypros.com/nfl/players/cade-klubnik.php
ppr,FantasyPros ECR,2026,8/13,424,Greg Dortch,WR,WR147,DET,6,15,271,397,343.00,45.59,495,18585,https://www.fantasypros.com/nfl/players/greg-dortch.php
ppr,FantasyPros ECR,2026,8/13,425,Jeremy McNichols,RB,RB117,WAS,7,15,243,389,328.20,64.56,,16445,https://www.fantasypros.com/nfl/players/jeremy-mcnichols.php
ppr,FantasyPros ECR,2026,8/13,426,Colbie Young,WR,WR148,CIN,6,15,291,380,328.60,37.87,414,26037,https://www.fantasypros.com/nfl/players/colbie-young.php
ppr,FantasyPros ECR,2026,8/13,427,Tommy Myers,TE,TE61,FA,,15,256,426,309.50,69.62,,25167,https://www.fantasypros.com/nfl/players/tommy-myers.php
ppr,FantasyPros ECR,2026,8/13,428,Will Kacmarek,TE,TE62,MIA,6,15,293,320,308.75,10.43,530,28403,https://www.fantasypros.com/nfl/players/will-kacmarek.php
ppr,FantasyPros ECR,2026,8/13,429,Miami Dolphins,DST,DST29,MIA,6,15,324,393,347.83,23.11,281,8160,https://www.fantasypros.com/nfl/players/miami-defense.php
ppr,FantasyPros ECR,2026,8/13,430,Daniel Carlson,K,K28,LV,13,15,246,405,316.50,57.02,583,17420,https://www.fantasypros.com/nfl/players/daniel-carlson.php
ppr,FantasyPros ECR,2026,8/13,431,Terrell Jennings,RB,RB118,NE,11,15,319,407,351.33,30.47,513,26964,https://www.fantasypros.com/nfl/players/terrell-jennings.php
ppr,FantasyPros ECR,2026,8/13,432,Ryan Fitzgerald,K,K29,CAR,5,15,247,409,318.25,72.15,331,27261,https://www.fantasypros.com/nfl/players/ryan-fitzgerald.php
ppr,FantasyPros ECR,2026,8/13,433,Demarcus Robinson,WR,WR149,SF,8,15,305,415,351.50,45.22,538,15665,https://www.fantasypros.com/nfl/players/demarcus-robinson.php
ppr,FantasyPros ECR,2026,8/13,434,Zach Ertz,TE,TE63,FA,,15,309,402,362.57,28.63,586,11689,https://www.fantasypros.com/nfl/players/zach-ertz.php
ppr,FantasyPros ECR,2026,8/13,435,Tanner Koziol,TE,TE64,JAC,7,15,292,371,348.20,28.98,460,27499,https://www.fantasypros.com/nfl/players/tanner-koziol.php
ppr,FantasyPros ECR,2026,8/13,436,Spencer Shrader,K,K30,IND,13,15,248,252,250.00,2.00,352,26763,https://www.fantasypros.com/nfl/players/spencer-shrader.php
ppr,FantasyPros ECR,2026,8/13,437,Joey Slye,K,K31,TEN,9,15,237,404,335.25,62.64,372,19028,https://www.fantasypros.com/nfl/players/joey-slye.php
ppr,FantasyPros ECR,2026,8/13,438,Brandon McManus,K,K32,FA,,15,215,395,308.33,73.64,518,13274,https://www.fantasypros.com/nfl/players/brandon-mcmanus.php
ppr,FantasyPros ECR,2026,8/13,439,Quinn Ewers,QB,QB47,MIA,6,15,303,382,336.00,31.52,393,23680,https://www.fantasypros.com/nfl/players/quinn-ewers.php
ppr,FantasyPros ECR,2026,8/13,440,Jonnu Smith,TE,TE65,FA,,15,289,429,355.80,51.89,,16460,https://www.fantasypros.com/nfl/players/jonnu-smith.php
ppr,FantasyPros ECR,2026,8/13,441,Tai Felton,WR,WR150,MIN,6,15,272,457,349.00,67.89,448,27182,https://www.fantasypros.com/nfl/players/tai-felton.php
ppr,FantasyPros ECR,2026,8/13,442,Xavier Restrepo,WR,WR151,TEN,9,15,288,330,314.00,18.55,,27066,https://www.fantasypros.com/nfl/players/xavier-restrepo.php
ppr,FantasyPros ECR,2026,8/13,443,Zavier Scott,RB,RB119,MIN,6,15,322,380,356.40,22.82,576,25748,https://www.fantasypros.com/nfl/players/zavier-scott.php
ppr,FantasyPros ECR,2026,8/13,444,Antonio Gibson,RB,RB120,FA,,15,326,435,362.60,41.50,591,19624,https://www.fantasypros.com/nfl/players/antonio-gibson.php
ppr,FantasyPros ECR,2026,8/13,445,Jahdae Walker,WR,WR152,CHI,10,15,305,340,321.33,14.38,371,27810,https://www.fantasypros.com/nfl/players/jahdae-walker.php
ppr,FantasyPros ECR,2026,8/13,446,Marlin Klein,TE,TE66,HOU,8,15,289,395,345.50,37.75,475,28157,https://www.fantasypros.com/nfl/players/marlin-klein.php
ppr,FantasyPros ECR,2026,8/13,447,Washington Commanders,DST,DST30,WAS,7,15,206,403,322.67,84.43,283,8310,https://www.fantasypros.com/nfl/players/washington-defense.php
ppr,FantasyPros ECR,2026,8/13,448,Tyler Goodson,RB,RB121,ATL,11,15,329,394,361.00,28.89,565,22976,https://www.fantasypros.com/nfl/players/tyler-goodson.php
ppr,FantasyPros ECR,2026,8/13,449,Odell Beckham Jr.,WR,WR153,NYG,8,15,305,350,323.33,19.29,324,12127,https://www.fantasypros.com/nfl/players/odell-beckham.php
ppr,FantasyPros ECR,2026,8/13,450,Ty Chandler,RB,RB122,NO,8,15,283,389,328.33,44.61,,19471,https://www.fantasypros.com/nfl/players/ty-chandler.php
ppr,FantasyPros ECR,2026,8/13,451,Theo Wease Jr.,WR,WR154,MIA,6,15,255,420,335.00,67.45,,27222,https://www.fantasypros.com/nfl/players/theo-wease-jr.php
ppr,FantasyPros ECR,2026,8/13,452,Xavier Smith,WR,WR155,LAR,11,15,289,301,295.00,6.00,413,25627,https://www.fantasypros.com/nfl/players/xavier-smith.php
ppr,FantasyPros ECR,2026,8/13,453,Khalil Herbert,RB,RB123,SF,8,15,310,366,336.00,23.04,,22763,https://www.fantasypros.com/nfl/players/khalil-herbert.php
ppr,FantasyPros ECR,2026,8/13,454,Riley Leonard,QB,QB48,IND,13,15,342,386,370.80,15.82,446,25373,https://www.fantasypros.com/nfl/players/riley-leonard.php
ppr,FantasyPros ECR,2026,8/13,455,Mitch Tinsley,WR,WR156,CIN,6,15,286,315,300.50,14.50,391,24370,https://www.fantasypros.com/nfl/players/mitchell-tinsley.php
ppr,FantasyPros ECR,2026,8/13,456,Hunter Luepke,RB,RB124,DAL,14,15,284,381,345.00,43.37,491,25941,https://www.fantasypros.com/nfl/players/hunter-luepke.php
ppr,FantasyPros ECR,2026,8/13,457,Brandin Cooks,WR,WR157,FA,,15,282,336,309.00,27.00,,12122,https://www.fantasypros.com/nfl/players/brandin-cooks.php
ppr,FantasyPros ECR,2026,8/13,458,Jackson Hawes,TE,TE67,BUF,7,15,366,383,374.60,7.12,487,27469,https://www.fantasypros.com/nfl/players/jackson-hawes.php
ppr,FantasyPros ECR,2026,8/13,459,Mo Alie-Cox,TE,TE68,IND,13,15,298,390,349.33,38.31,468,16579,https://www.fantasypros.com/nfl/players/mo-alie-cox.php
ppr,FantasyPros ECR,2026,8/13,460,Adam Trautman,TE,TE69,DEN,10,15,308,415,367.00,40.18,407,19423,https://www.fantasypros.com/nfl/players/adam-trautman.php
ppr,FantasyPros ECR,2026,8/13,461,New York Jets,DST,DST31,NYJ,13,15,276,432,356.67,63.80,301,8210,https://www.fantasypros.com/nfl/players/new-york-jets-defense.php
ppr,FantasyPros ECR,2026,8/13,462,Reggie Gilliam,RB,RB125,NE,11,15,301,338,319.50,18.50,452,19844,https://www.fantasypros.com/nfl/players/reggie-gilliam.php
ppr,FantasyPros ECR,2026,8/13,463,Elijah Higgins,TE,TE70,ARI,14,15,361,428,382.60,23.94,362,23119,https://www.fantasypros.com/nfl/players/elijah-higgins.php
ppr,FantasyPros ECR,2026,8/13,464,Nate Boerkircher,TE,TE71,JAC,7,15,295,358,326.50,31.50,535,28427,https://www.fantasypros.com/nfl/players/nate-boerkircher.php
ppr,FantasyPros ECR,2026,8/13,465,Marquez Valdes-Scantling,WR,WR158,DAL,14,15,318,431,375.50,40.31,421,17528,https://www.fantasypros.com/nfl/players/marquez-valdesscantling.php
ppr,FantasyPros ECR,2026,8/13,466,Reggie Virgil,WR,WR159,ARI,14,15,292,374,333.00,41.00,541,28141,https://www.fantasypros.com/nfl/players/reggie-virgil.php
ppr,FantasyPros ECR,2026,8/13,467,Josh Oliver,TE,TE72,MIN,6,15,309,363,336.00,27.00,406,18487,https://www.fantasypros.com/nfl/players/josh-oliver.php
ppr,FantasyPros ECR,2026,8/13,468,Dylan Laube,RB,RB126,LV,13,15,314,358,336.00,22.00,,26194,https://www.fantasypros.com/nfl/players/dylan-laube.php
ppr,FantasyPros ECR,2026,8/13,469,Van Jefferson,WR,WR160,WAS,7,15,303,374,338.50,35.50,463,19483,https://www.fantasypros.com/nfl/players/van-jefferson.php
ppr,FantasyPros ECR,2026,8/13,470,Robert Henry Jr.,RB,RB127,WAS,7,15,364,399,379.00,14.65,,28404,https://www.fantasypros.com/nfl/players/robert-henry-jr.php
ppr,FantasyPros ECR,2026,8/13,471,Michael Woods II,WR,WR161,DEN,10,16,280,408,344.00,64.00,,23893,https://www.fantasypros.com/nfl/players/michael-woods.php
ppr,FantasyPros ECR,2026,8/13,472,Gardner Minshew II,QB,QB49,ARI,14,16,339,363,351.00,12.00,454,18562,https://www.fantasypros.com/nfl/players/gardner-minshew.php
ppr,FantasyPros ECR,2026,8/13,473,DeAndre Hopkins,WR,WR162,BAL,13,16,322,451,388.00,52.71,584,11606,https://www.fantasypros.com/nfl/players/deandre-hopkins.php
ppr,FantasyPros ECR,2026,8/13,474,Jalen Milroe,QB,QB50,SEA,11,16,358,358,358.00,0.00,396,22884,https://www.fantasypros.com/nfl/players/jalen-milroe.php
ppr,FantasyPros ECR,2026,8/13,475,Luke Schoonmaker,TE,TE73,DAL,14,16,375,382,378.67,2.87,360,25267,https://www.fantasypros.com/nfl/players/luke-schoonmaker.php
ppr,FantasyPros ECR,2026,8/13,476,David Sills V,WR,WR163,TB,10,16,329,391,360.00,31.00,,18566,https://www.fantasypros.com/nfl/players/david-sills.php
ppr,FantasyPros ECR,2026,8/13,477,Miles Davis,RB,RB128,CAR,5,16,342,383,362.50,20.50,,28906,https://www.fantasypros.com/nfl/players/miles-davis.php
ppr,FantasyPros ECR,2026,8/13,478,Tyler Lockett,WR,WR164,LV,13,16,314,413,363.50,49.50,,13971,https://www.fantasypros.com/nfl/players/tyler-lockett.php
ppr,FantasyPros ECR,2026,8/13,479,Tim Patrick,WR,WR165,NYJ,13,16,315,412,363.50,48.50,507,16556,https://www.fantasypros.com/nfl/players/tim-patrick.php
ppr,FantasyPros ECR,2026,8/13,480,Taysom Hill,TE,TE74,FA,,16,309,440,374.50,65.50,516,17115,https://www.fantasypros.com/nfl/players/taysom-hill.php
ppr,FantasyPros ECR,2026,8/13,481,Tyrod Taylor,QB,QB51,GB,11,16,323,423,373.00,50.00,347,10007,https://www.fantasypros.com/nfl/players/tyrod-taylor.php
ppr,FantasyPros ECR,2026,8/13,482,Jermaine Burton,WR,WR166,FA,,16,324,458,391.00,67.00,,22956,https://www.fantasypros.com/nfl/players/jermaine-burton.php
ppr,FantasyPros ECR,2026,8/13,483,Miles Sanders,RB,RB129,FA,,16,327,446,386.50,59.50,,18283,https://www.fantasypros.com/nfl/players/miles-sanders.php
ppr,FantasyPros ECR,2026,8/13,484,Juice Wells Jr.,WR,WR167,ATL,11,16,335,459,397.00,62.00,,27218,https://www.fantasypros.com/nfl/players/antwane-wells-jr.php
ppr,FantasyPros ECR,2026,8/13,485,Elijah Mitchell,RB,RB130,FA,,16,336,460,398.00,62.00,,22813,https://www.fantasypros.com/nfl/players/elijah-mitchell-rb.php
ppr,FantasyPros ECR,2026,8/13,486,JuJu Smith-Schuster,WR,WR168,NYG,8,16,350,407,378.50,28.50,353,16427,https://www.fantasypros.com/nfl/players/juju-smith-schuster.php
ppr,FantasyPros ECR,2026,8/13,487,Jaydn Ott,RB,RB131,KC,5,16,366,393,379.50,13.50,,25394,https://www.fantasypros.com/nfl/players/jaydn-ott.php
ppr,FantasyPros ECR,2026,8/13,488,Myles Montgomery,RB,RB132,FA,,16,365,405,385.00,20.00,,28450,https://www.fantasypros.com/nfl/players/myles-montgomery.php
ppr,FantasyPros ECR,2026,8/13,489,Jason Sanders,K,K33,NYJ,13,16,374,406,390.00,16.00,342,17533,https://www.fantasypros.com/nfl/players/jason-sanders.php
ppr,FantasyPros ECR,2026,8/13,490,Jacob Cowing,WR,WR169,SF,8,16,373,450,411.50,38.50,,25289,https://www.fantasypros.com/nfl/players/jacob-cowing.php
