Position Bucket,Display Rank,Player ID,Player,Team,Bye Week,Floor,Points,Ceiling,SD,Uncertainty,VOR,Drop Off,Tier,Age,ADP,AAV,Rank - Overall,Rank - Position,ECR,Injury Status,Points Spread,Experience
QB,1,13589,Josh Allen,BUF,7,344,354,378,14.8,1,67.1,36.9,1,30,18.8,35.7,23,1,1.03,,34,8
QB,2,13593,Lamar Jackson,BAL,13,299,317,344,21.4,8,30.2,2.75,1,29,32.1,23.7,46,2,2.75,,45,8
QB,3,14783,Jalen Hurts,PHI,10,302,314,332,14,22,27.5,1.99,1,27,52.7,13.9,49,3,6.13,,30,6
QB,4,16581,Jayden Daniels,WAS,7,291,312,333,18.6,31,25.5,6,1,25,46.6,15.7,52,4,5.6,,42,2
QB,5,16580,Drake Maye,NE,11,298,306,322,10.7,3,19.5,3.28,1,23,60.8,19.7,64,5,3.09,,24,2
QB,6,17032,Jaxson Dart,NYG,8,281,303,328,21.3,64,16.2,2.66,1,23,71.2,10.2,72,6,11.5,,47,1
QB,7,14777,Joe Burrow,CIN,6,284,300,325,20,17,13.5,5.85,2,29,44.4,17.7,78,7,4.48,,41,6
QB,8,16579,Caleb Williams,CHI,10,267,294,322,23.3,56,7.68,3.45,2,24,82.3,13.2,92,8,7.69,,55,2
QB,9,12620,Dak Prescott,DAL,14,272,291,307,16.1,36,4.24,0.613,2,33,85.8,14,107,9,9.81,Q,35,10
QB,10,16582,Bo Nix,DEN,10,265,290,317,22.1,39,3.62,0.275,2,26,91.9,8.33,110,10,13.3,Q,52,2
RB,1,,Jahmyr Gibbs,DET,6,290,298,313,10.7,1,170,8.26,1,24,3.03,61.5,1,1,1.56,,,
RB,2,,Bijan Robinson,ATL,11,269,290,314,20.8,30,162,21.8,2,24,2.34,57.9,2,2,1.62,,,
RB,3,,Jonathan Taylor,IND,13,246,268,288,17.3,15,140,7.49,2,27,11,50.7,3,3,3.97,,,
RB,4,,Christian McCaffrey,SF,8,248,261,271,8.97,1,132,16.9,3,30,8.09,55.7,4,4,4.29,,,
RB,5,,Derrick Henry,BAL,13,222,244,270,18.2,28,116,2.06,3,32,20.5,39,5,5,7.09,,,
RB,6,,James Cook,BUF,7,228,242,260,12.5,8,113,2.25,3,26,15.6,43.5,6,6,4.9,,,
RB,7,,Devon Achane,MIA,6,221,239,266,17.9,46,111,16.3,4,24,13.2,43.9,8,7,9.96,Q,,
RB,8,,Saquon Barkley,PHI,10,210,223,238,10.6,7,94.8,3.01,4,29,15.9,45.5,10,8,8.12,,,
RB,9,,Ashton Jeanty,LVR,13,205,220,247,18.3,39,91.8,1.26,4,22,13.6,46.4,12,9,7.74,,,
RB,10,,Josh Jacobs,GB,11,202,219,237,16.1,35,90.6,3.87,5,28,31.3,32,13,10,13.9,,,
WR,1,,Puka Nacua,LAR,11,221,233,243,8.43,1,112,10.4,1,25,5.9,52.9,7,1,2.1,,,
WR,2,,Ja'Marr Chase,CIN,6,212,222,236,12.2,5,101,8.6,1,26,5.82,60,9,2,1.32,,,
WR,3,,Jaxon Smith-Njigba,SEA,11,201,214,228,11,3,92.8,13.6,2,24,11.5,50.6,11,3,2.81,,,
WR,4,,Amon-Ra St. Brown,DET,6,197,200,203,2.97,1,79.2,21,3,26,11.5,50.5,16,4,4.13,,,
WR,5,,Drake London,ATL,11,154,179,221,27.4,69,58.3,5.18,4,25,19.6,37.3,26,5,8.48,Q,,
WR,6,,CeeDee Lamb,DAL,14,159,174,192,14,14,53.1,0.687,4,27,16.4,46.8,29,6,5.71,,,
WR,7,,Justin Jefferson,MIN,6,150,173,209,22.7,54,52.4,2.74,4,27,19.5,46.4,30,7,6.2,,,
WR,8,,George Pickens,DAL,14,152,171,198,22.9,57,49.7,3.12,4,25,35.5,28.8,32,8,9.81,,,
WR,9,,Rashee Rice,KC,5,153,168,197,20.2,64,46.6,1.7,4,26,37,28.6,34,9,14.4,Q,,
WR,10,,A.J. Brown,NE,11,143,166,187,18.2,42,44.9,2.07,4,29,27.3,31.5,36,10,8.74,,,
TE,1,,Trey McBride,ARI,14,144,158,172,13.1,31,57.1,11.3,1,26,25.8,35.1,27,1,2.25,,,
TE,2,,Brock Bowers,LVR,13,131,147,156,10.6,3,45.8,21.4,2,23,23.5,32.7,35,2,1.14,,,
TE,3,,Colston Loveland,CHI,10,114,125,147,13.6,40,24.4,9.13,3,22,57.5,20.2,54,3,3.43,,,
TE,4,,Harold Fannin,CLE,11,99.5,116,134,17,63,15.2,0.0753,3,22,68.2,9.65,73,4,7.51,Q,,
TE,5,,Tyler Warren,IND,13,102,116,129,10.1,14,15.1,2.43,3,24,60.4,16,74,5,4.82,,,
TE,6,,Kyle Pitts,ATL,11,104,114,134,12.6,43,12.7,1.8,3,25,79.4,9.57,81,6,8.05,,,
TE,7,,Mark Andrews,BAL,13,107,112,116,3.5,1,10.9,0.708,3,30,107,6.26,84,7,13.1,,,
TE,8,,Dallas Goedert,PHI,10,86.8,111,139,19.7,74,10.2,1.3,3,31,111,4.09,85,8,12.8,,,
TE,9,,Sam LaPorta,DET,6,103,110,125,9.71,11,8.9,1.78,3,25,72.2,8.71,89,9,6.75,Q,,
TE,10,,Tucker Kraft,GB,11,95,108,139,19.4,69,7.12,2.74,4,25,78.7,10.3,95,10,4.38,Q,,
K,1,,Brandon Aubrey,DAL,14,165,172,177,5.27,1,22.8,2.78,1,31,107,5.59,57,1,1.18,,,
K,2,,Jason Myers,SEA,11,159,169,191,13.8,23,20,0.175,1,35,148,2.48,62,2,5,,,
K,3,,Kaimi Fairbairn,HOU,8,158,169,182,11.9,3,19.9,6.41,1,32,133,2.07,63,3,2.42,,,
K,4,,Cameron Dicker,LAC,7,141,162,169,13,16,13.5,10.6,2,26,130,2.17,79,4,3.55,,,
K,5,,Chase McLaughlin,TB,10,147,152,160,5.56,35,2.89,1.35,2,30,160,1.06,116,5,12.7,,,
K,6,,Jake Bates,DET,6,140,150,164,9.74,19,1.53,1.45,2,27,151,1.5,122,6,11.8,,,
K,7,,Tyler Loop,BAL,13,134,149,166,12.9,55,0.0878,0.0878,2,24,157,0.9,128,7,8.11,,,
K,8,,Cam Little,JAC,7,144,149,161,7.29,32,0,0.172,2,22,140,2.73,130,8,5.21,,,
K,9,,Will Reichard,MIN,6,141,149,159,7.74,48,-0.172,0.554,2,25,167,1.2,131,9,15.6,,,
K,10,,Harrison Mevis,LAR,11,134,148,159,12.3,74,-0.726,1.07,2,24,161,1.72,136,10,11.9,,,
DST,1,,Texans,HOU,8,86.2,107,127,16.2,42,3.23,3.2,1,,100,3.91,114,1,1.43,,,
DST,2,,Broncos,DEN,10,90.2,104,119,11.6,19,0.0357,0.0357,1,,97.1,2.83,129,2,2.65,,,
DST,3,,Seahawks,SEA,11,87.1,104,131,17.6,58,0,10.7,2,,114,2.31,130,3,3.3,,,
DST,4,,Chargers,LAC,7,80.6,92.9,108,10.5,39,-10.7,0.828,2,,154,0.833,199,4,10.9,,,
DST,5,,Rams,LAR,11,84.2,92,98.6,6.64,3,-11.6,0.438,3,,122,4.16,214,5,3.54,,,
DST,6,,Bills,BUF,7,87.8,91.6,97.8,4.62,1,-12,1.61,4,,146,0.767,217,6,14.8,,,
DST,7,,Steelers,PIT,9,86.5,90,94.5,3.58,6,-13.6,0.0104,4,,149,1.31,238,7,8.96,,,
DST,8,,Browns,CLE,11,81.1,90,101,9.18,84,-13.6,0.513,5,,147,0.933,239,8,14.1,,,
DST,9,,Lions,DET,6,81.2,89.5,107,10.8,52,-14.1,0.552,5,,160,0.95,247,9,14,,,
DST,10,,Vikings,MIN,6,81.3,88.9,105,9.78,48,-14.7,1.01,6,,145,0.967,250,10,7.91,,,
DL,1,,Maxx Crosby,LVR,13,72.1,85.3,107,20.4,61,18.9,9.91,1,28,,18.4,66,1,3.17,Q,,
DL,2,,Andrew Van Ginkel,MIN,6,60.7,75.4,99.6,22.7,78,9,1.72,1,31,,14.1,88,2,11.3,,,
DL,3,,Andrew Van Ginkel,MIN,6,60.7,75.4,99.6,22.7,89,9,1.72,1,31,,14.1,88,2,41.8,,,
DL,4,,Myles Garrett,LAR,11,62.5,73.6,87.9,13.7,9,7.27,1.83,1,30,,17.2,94,3,1.67,,,
DL,5,,Brian Burns,NYG,8,52.8,71.8,90.7,19.6,60,5.45,0.343,1,28,,12.3,99,4,8.17,,,
DL,6,,Brian Burns,NYG,8,52.8,71.8,90.7,19.6,87,5.45,0.343,1,28,,12.3,99,4,39,,,
DL,7,,Aidan Hutchinson,DET,6,65.1,71.5,81.3,9.19,1,5.11,0.705,1,25,,15.9,101,5,2.33,,,
DL,8,,Jeffery Simmons,TEN,9,52.1,70.8,99.1,26.6,97,4.4,0.0858,1,29,,9.41,104,6,13.2,Q,,
DL,9,,Chase Young,NO,8,60.1,70.7,81.1,10.9,5,4.32,2.74,1,27,,11.4,106,7,25.8,,,
DL,10,,Nick Bosa,SF,8,57.6,67.9,86.2,17,37,1.58,0.513,1,28,,18.2,121,8,6.67,Q,,
LB,1,,Jordyn Brooks,MIA,6,101,133,191,54.1,79,22.5,7.53,1,28,,20,58,1,1.17,,,
LB,2,,Blake Cashman,MIN,6,87.3,126,193,62.8,97,14.9,6.1,1,30,,15.1,76,2,8,,,
LB,3,,Jack Campbell,DET,6,91.6,119,167,44.8,52,8.85,1.99,1,25,,16.8,90,3,2.67,,,
LB,4,,Nick Bolton,KC,5,87.9,117,169,47.9,74,6.86,1.49,1,26,,13.9,96,4,15.2,,,
LB,5,,Cedric Gray,TEN,9,83.2,116,168,48.7,87,5.37,0.33,1,23,,9.29,100,5,15.2,,,
LB,6,,Ernest Jones,SEA,11,89.1,116,157,39.2,36,5.04,1.32,1,26,,24.3,102,6,8.33,,,
LB,7,,Roquan Smith,BAL,13,91,114,154,36.7,20,3.72,1.14,1,29,,19.5,108,7,5.67,,,
LB,8,,Foyesade Oluokun,JAC,7,88.2,113,157,41.2,46,2.58,0.913,1,30,,18.7,118,8,6.67,,,
LB,9,,Carson Schwesinger,CLE,11,70.8,112,166,51.7,70,1.66,1.66,1,23,,,120,9,3.17,Q,,
LB,10,,Jamien Sherwood,NYJ,13,84.2,111,156,42.5,49,0,0.345,1,26,,15.7,130,10,11,,,
DB,1,,Kyle Hamilton,BAL,13,81.6,99.2,129,27.5,60,5.84,1.37,1,25,,10.1,98,1,6.17,,,
DB,2,,Kamren Curl,LAR,11,76,97.8,126,27.3,43,4.47,0.808,1,27,,6.02,103,2,7.33,,,
DB,3,,Talanoa Hufanga,DEN,10,76.6,97,125,26.4,41,3.66,0.34,1,26,,8.06,109,3,11.5,,,
DB,4,,Nick Cross,WAS,7,83.2,96.7,118,20.3,17,3.32,0.0593,1,24,,5.93,112,4,5.67,,,
DB,5,,Nick Emmanwori,SEA,11,79.2,96.6,123,24.5,51,3.26,1.19,1,22,,,113,5,6.5,,,
DB,6,,Tykee Smith,TB,10,69.8,95.4,131,33.3,67,2.07,1.26,1,25,,3.36,119,6,6.67,,,
DB,7,,Jessie Bates,ATL,11,81.4,94.1,117,21.4,21,0.804,0.151,1,29,,7.3,124,7,6.5,,,
DB,8,,Budda Baker,ARI,14,71.6,94,127,30.9,75,0.653,0.0529,1,30,,8.93,125,8,10.3,,,
DB,9,,DeShon Elliott,PIT,9,72.5,93.9,120,25.3,70,0.6,0.6,1,29,,8.4,126,9,23.7,Q,,
DB,10,,Antoine Winfield,TB,10,71.4,93.3,115,22.7,33,0,1.46,1,27,,6.02,130,10,22.8,,,
