Position Bucket,Display Rank,Player,Team,Bye Week,Floor,Points,Ceiling,SD,Uncertainty,VOR,Drop Off,Tier,Age,ADP,AAV,Rank - Overall,Rank - Position,ECR,Injury Status,Points Spread,Experience
QB,1,Josh Allen,BUF,7,344,354,378,14.7,1,64.8,36.8,1,30,18,36.2,24,1,1.03,,34,8
QB,2,Lamar Jackson,BAL,13,299,317,344,21.3,3,28.1,5.46,1,29,33.1,24.9,48,2,2.56,,45,8
QB,3,Jayden Daniels,WAS,7,291,312,333,18.7,19,22.6,0.0257,1,25,46.5,12.4,58,3,4.92,,42,2
QB,4,Jalen Hurts,PHI,10,296,312,327,13.6,8,22.6,5.42,1,28,51.9,13.5,59,4,5.88,,31,6
QB,5,Drake Maye,NE,11,298,306,322,10.7,6,17.2,5.46,1,23,57.8,16.1,71,5,3.61,,24,2
QB,6,Jaxson Dart,NYG,8,281,301,322,18.1,61,11.7,0.353,1,23,77.5,10.1,83,6,12,,41,1
QB,7,Joe Burrow,CIN,6,285,300,325,19.9,11,11.3,2.72,2,29,45.6,17.2,84,7,4.56,,40,6
QB,8,Caleb Williams,CHI,10,268,298,322,23.1,39,8.62,6.7,2,24,80.9,9.24,91,8,7.65,,54,2
QB,9,Dak Prescott,DAL,14,273,291,307,16,31,1.92,0.345,2,33,77.2,11.3,118,9,9.63,,34,10
QB,10,Trevor Lawrence,JAC,7,271,291,317,20.8,36,1.58,0.213,2,26,90.2,11,121,10,9.54,,46,5
QB,11,Bo Nix,DEN,10,265,290,317,22.1,50,1.37,0.314,2,26,93,6.1,124,11,13.4,,52,2
QB,12,Patrick Mahomes,KC,5,275,290,318,18.5,56,1.05,1.05,2,30,81.1,10.7,125,12,13.9,Q,43,9
QB,13,Justin Herbert,LAC,7,271,289,315,20.5,33,0,3.43,2,28,86,11.7,130,13,7.93,,44,6
QB,14,Matthew Stafford,LAR,11,272,286,311,16.3,81,-3.43,6.36,3,38,97.9,9.15,159,14,14.3,,39,17
QB,15,Matthew Stafford,LAR,11,272,286,311,16.3,81,-3.43,6.36,3,38,97.9,9.15,159,14,14.3,,39,17
QB,16,Brock Purdy,SF,8,266,279,292,10.8,25,-9.79,0.543,3,26,95.2,7.71,198,15,12.8,,26,4
QB,17,Jared Goff,DET,6,257,279,305,21.1,72,-10.3,10.5,3,31,110,6.35,204,16,15.5,,48,10
QB,18,Baker Mayfield,TB,10,244,268,295,23.8,44,-20.8,0.0292,3,31,115,6.89,326,17,18.5,,51,8
QB,19,Tyler Shough,NO,8,245,268,292,18.7,53,-20.8,8.25,4,26,129,3.88,329,18,19.3,,47,1
QB,20,Kyler Murray,MIN,6,234,260,290,21.8,67,-29.1,0.976,4,29,118,7.58,404,19,17.2,,56,7
QB,21,Jordan Love,GB,11,246,259,286,17.9,42,-30.1,11.4,4,27,130,4.14,410,20,18.5,,40,6
QB,22,C.J. Stroud,HOU,8,224,248,277,23.2,47,-41.4,0.706,4,24,139,3.81,500,21,22.5,,53,3
QB,23,Malik Willis,MIA,6,226,247,266,15.7,69,-42.2,1.35,4,27,143,5.96,514,22,20.2,,40,4
QB,24,Sam Darnold,SEA,11,226,245,271,18.3,17,-43.5,6.23,5,29,139,4.78,523,23,22.7,,45,8
QB,25,Bryce Young,CAR,5,221,239,279,26.2,22,-49.7,16.7,6,25,149,5.21,600,24,25.9,,58,3
QB,26,Daniel Jones,IND,13,109,223,266,64.9,99,-66.4,0.829,6,29,147,5.25,791,25,24.1,,157,7
QB,27,Aaron Rodgers,PIT,9,194,222,269,30.4,58,-67.2,1.27,6,42,154,3.93,804,26,28.6,,75,21
QB,28,Jacoby Brissett,ARI,14,181,221,274,37.5,78,-68.5,2.34,6,33,164,4.37,818,27,27.2,,93,10
QB,29,Cam Ward,TEN,9,199,218,246,22,28,-70.8,10.7,7,24,144,3.49,840,28,24.3,,47,1
QB,30,Geno Smith,NYJ,13,189,207,228,15.6,14,-81.6,37,8,35,165,5.5,938,29,28.5,,39,13
QB,31,Fernando Mendoza,LVR,13,140,170,207,24.9,64,-119,40.4,9,22,148,27.7,1240,30,30.2,,67,0
QB,32,Tua Tagovailoa,ATL,11,102,130,199,43.6,86,-159,13.1,9,28,161,4.22,1280,31,30.9,Q,97,6
QB,33,Deshaun Watson,CLE,11,62.2,117,188,47.4,89,-172,0.858,10,30,187,3.01,1280,32,33.1,,125.8,9
QB,34,Michael Penix Jr.,ATL,11,39.4,116,203,65.3,97,-173,19.9,11,26,161,2.22,1280,33,33,Q,163.6,2
QB,35,Shedeur Sanders,CLE,11,74.4,96.2,126,21.1,94,-193,44.5,12,24,174,0.926,1280,34,33.7,,51.6,1
QB,36,Kirk Cousins,LVR,13,33.2,51.7,105,32.1,75,-237,7.77,12,37,179,5.69,1280,35,33.2,,71.8,14
QB,37,Marcus Mariota,WAS,7,24,44,59.2,19.3,92,-245,5.2,13,32,313,1.06,1280,36,42.4,,35.2,11
RB,1,Jahmyr Gibbs,DET,6,277,297,313,14.4,6,170,5.34,1,24,2.52,60.3,1,1,1.36,Q,36,3
RB,2,Bijan Robinson,ATL,11,269,291,319,22.7,38,165,21.8,2,24,2.52,58.5,2,2,1.71,,50,3
RB,3,Jonathan Taylor,IND,13,247,270,288,17.1,23,143,14.9,3,27,10.9,53.9,3,3,3.7,,41,6
RB,4,Christian McCaffrey,SF,8,240,255,266,11.7,8,128,8.89,4,30,10.3,54,4,4,4.77,Q,26,9
RB,5,Derrick Henry,BAL,13,232,246,270,15.5,14,119,3.87,4,32,21,42.7,5,5,6.79,,38,10
RB,6,James Cook,BUF,7,228,242,260,12.3,1,115,11.8,5,26,15.4,45.9,6,6,4.73,,32,4
RB,7,Devon Achane,MIA,6,210,230,255,18.2,39,104,7.6,5,24,14.6,39.4,8,7,11.3,,45,3
RB,8,Saquon Barkley,PHI,10,210,222,238,10.8,7,96.1,0.678,6,29,16.4,48.1,10,8,8.04,,28,8
RB,9,Ashton Jeanty,LVR,13,205,222,256,21.5,61,95.4,5.93,6,22,13.4,39.8,11,9,8.44,,51,1
RB,10,Chase Brown,CIN,6,205,216,234,13.8,17,89.5,3.32,6,26,21,38.3,13,10,10.3,,29,3
RB,11,Josh Jacobs,GB,11,182,212,237,22.9,66,86.2,0.124,6,28,31.6,32.4,14,11,14,Q,55,7
RB,12,Omarion Hampton,LAC,7,194,212,232,16.4,34,86,1.8,6,23,24.2,37.5,15,12,10.3,,38,1
RB,13,Kenneth Walker III,KC,5,189,211,230,17.5,54,84.2,3.23,7,25,27.6,38.4,16,13,10.6,,41,4
RB,14,Kyren Williams,LAR,11,196,207,218,8.19,1,81,6.1,7,25,32,32.8,17,14,13,,22,4
RB,15,Javonte Williams,DAL,14,182,201,228,21.1,55,74.9,1.26,7,26,54,29.6,19,15,14.5,,46,5
RB,16,Breece Hall,NYJ,13,174,200,220,18.4,37,73.6,3.83,7,25,36.9,26.2,20,16,16,,46,4
RB,17,Jeremiyah Love,ARI,14,170,196,217,18.9,41,69.8,1.26,7,21,25.5,57.5,21,17,16.5,,47,0
RB,18,Cam Skattebo,NYG,8,177,195,212,13.6,20,68.6,3.61,8,24,50.1,19.1,22,18,20.7,,35,1
RB,19,Travis Etienne,NO,8,181,191,218,16.3,35,65,4.81,8,27,60.8,24.4,23,19,19.3,,37,5
RB,20,Bucky Irving,TB,10,168,186,217,19.7,49,60.1,3.98,8,23,46.1,14.4,25,20,21.4,,49,2
RB,21,Quinshon Judkins,CLE,11,155,182,224,26.9,77,56.2,4.24,9,22,59.1,18.1,27,21,21.1,,69,1
RB,22,D'Andre Swift,CHI,10,159,178,196,13.7,15,51.9,3.55,9,27,57,19.3,31,22,21.3,,37,6
RB,23,Bhayshul Tuten,JAC,7,167,175,183,6.47,3,48.4,4.3,9,24,74.9,12.9,33,23,23.9,,16,1
RB,24,TreVeyon Henderson,NE,11,159,170,200,16.8,45,44.1,3.36,10,23,58.5,12.4,38,24,23.6,,41,1
RB,25,David Montgomery,HOU,8,156,167,189,13.4,28,40.7,16.5,11,29,65.2,20.1,39,25,22,,33,7
RB,26,Tony Pollard,TEN,9,133,151,157,9.86,10,24.2,0.665,11,29,88.2,11.4,54,26,28.9,,24,7
RB,27,Jaylen Warren,PIT,9,134,150,162,12.4,13,23.6,2.49,11,27,90.4,11.1,56,27,28.7,,28,4
RB,28,Rico Dowdle,PIT,9,133,147,161,11.1,21,21.1,2.16,11,28,87.3,8.4,63,28,31.2,,28,6
RB,29,J.K. Dobbins,DEN,10,129,145,156,12.3,31,18.9,0.512,11,27,106,9.02,66,29,31.9,Q,27,6
RB,30,Rhamondre Stevenson,NE,11,123,145,161,15.1,32,18.4,0.869,11,28,100,8.73,68,30,30.1,,38,5
RB,31,Chuba Hubbard,CAR,5,132,144,153,10.4,11,17.6,0.231,11,27,85.5,9.58,69,31,31.8,,21,5
RB,32,Jadarian Price,SEA,11,64.5,144,184,49,99,17.3,6,12,22,64,31.2,70,32,25.7,Q,119.5,0
RB,33,RJ Harvey,DEN,10,119,138,161,19.6,70,11.3,9.14,12,25,89.5,5.74,85,33,36.2,,42,1
RB,34,Jacory Croskey-Merritt,WAS,7,121,129,137,7.29,4,2.19,2.19,12,25,120,5.03,115,34,35.8,,16,1
RB,35,Kyle Monangai,CHI,10,102,126,144,18.2,42,0,4.55,13,24,105,6.28,130,35,34.2,,42,1
RB,36,Jordan Mason,MIN,6,104,122,143,17,46,-4.55,0.739,13,27,122,6.64,164,36,37.5,,39,4
RB,37,Blake Corum,LAR,11,110,121,141,13,30,-5.29,4.77,13,25,114,5.15,168,37,32.9,,31,2
RB,38,Aaron Jones,MIN,6,90.1,116,139,18.9,59,-10.1,0.0912,13,31,116,5.61,202,38,39.8,,48.9,9
RB,39,Rachaad White,WAS,7,87.9,116,130,18.5,52,-10.2,4.58,14,27,124,7.52,203,39,38.5,,42.1,4
RB,40,Kenneth Gainwell,TB,10,78.1,112,130,21.9,63,-14.7,0.783,14,27,115,7.54,250,40,40,,51.9,5
RB,41,Jonathon Brooks,CAR,5,91.1,111,139,20.6,83,-15.5,3.9,14,23,110,7.04,259,41,35.5,,47.9,2
RB,42,Zach Charbonnet,SEA,11,88.5,107,137,20.1,80,-19.4,5.01,14,25,132,6.69,309,42,47,O,48.5,3
RB,43,Woody Marks,HOU,8,89.9,102,109,8.29,18,-24.4,7.4,15,25,141,3.32,358,43,45.7,,19.1,1
RB,44,Tyrone Tracy,NYG,8,76.4,94.5,112,13.8,25,-31.8,4.64,15,26,139,3.66,423,44,44.5,,35.6,2
RB,45,Isiah Pacheco,DET,6,74.3,89.9,109,14.9,48,-36.5,2.72,15,27,132,3.57,458,45,49.5,Q,34.7,4
RB,46,Tyjae Spears,TEN,9,73.9,87.1,102,12.6,44,-39.2,2.06,15,25,151,3.16,479,46,53.2,Q,28.1,3
RB,47,Chris Rodriguez,JAC,7,63.1,85.1,115,20.7,76,-41.2,1.97,16,26,150,2.85,496,47,42.2,,51.9,3
RB,48,Alvin Kamara,NO,8,54,83.1,107,20.1,75,-43.2,4.48,16,31,129,3.19,521,48,51.3,,53,9
RB,49,Tyler Allgeier,ARI,14,67.7,78.6,89.9,10.9,24,-47.7,1.31,16,26,153,3.6,574,49,45.4,,22.2,4
RB,50,Brian Robinson,ATL,11,62.7,77.3,86.4,9.88,27,-49,7.32,17,27,154,5.74,589,50,51.2,,23.7,4
RB,51,Justice Hill,BAL,13,55.6,70,86.9,12.4,86,-56.3,0.228,17,28,196,1.28,681,51,75.8,,31.3,7
RB,52,Ty Johnson,BUF,7,61.1,69.8,79.9,7.36,69,-56.5,0.299,17,28,213,0.901,684,52,76.9,Q,18.8,7
RB,53,Tank Bigsby,PHI,10,55.9,69.5,93.8,16.4,65,-56.8,5.99,17,23,163,2.7,687,53,49.5,,37.9,3
RB,54,Kareem Hunt,FA,,,63.5,,,87,-62.8,2.1,17,31,,,759,54,98.1,,,9
RB,55,Nick Chubb,FA,,,61.4,,,82,-64.9,0.559,17,30,148,,778,55,102,,,8
RB,56,Dylan Sampson,CLE,11,47.9,60.8,82.4,15.3,56,-65.5,0.466,17,21,174,1,781,56,54.1,,34.5,1
RB,57,Samaje Perine,CIN,6,47.8,60.4,75.2,13.2,89,-66,0.768,17,30,219,0.924,785,57,77.9,,27.4,9
RB,58,James Conner,ARI,14,28.2,59.6,85.6,22.2,94,-66.7,0.451,17,31,163,2.12,797,58,63.8,Q,57.4,9
RB,59,Braelon Allen,NYJ,13,42.6,59.2,78.9,13.8,68,-67.2,1.46,17,22,180,1.02,803,59,56,,36.3,2
RB,60,Joe Mixon,FA,,,57.7,,,97,-68.6,1.86,18,30,84.8,,821,60,90.9,Q,,9
RB,61,Mike Washington Jr.,LVR,13,46.4,55.8,75.9,12.7,62,-70.5,0.134,18,23,168,2.43,837,61,60.9,,29.5,0
RB,62,Keaton Mitchell,LAC,7,42.6,55.7,73.2,12.8,58,-70.6,0.908,18,24,156,2.31,838,62,49.4,,30.6,3
RB,63,Antonio Gibson,FA,,,54.8,,,99,-71.5,0.0635,18,56,,,844,63,123,Q,,6
RB,64,Kimani Vidal,LAC,7,28.7,54.7,80,20.7,85,-71.6,1.03,18,24,191,2.26,845,64,60.4,,51.3,2
RB,65,Jordan James,SF,8,34.2,53.7,93.5,24.8,96,-72.6,4.7,18,22,187,2.92,858,65,75.3,Q,59.3,1
RB,66,Malik Davis,DAL,14,24.3,49,85.4,29.8,93,-77.3,0.652,18,27,234,1.08,897,66,73,,61.1,4
RB,67,Ray Davis,BUF,7,26.9,48.4,60.5,16.3,72,-78,0.718,18,26,196,1.81,904,67,61.6,,33.6,2
RB,68,Sean Tucker,TB,10,31.9,47.6,66.8,15.6,79,-78.7,0.487,18,24,196,1.41,912,68,61.8,,34.9,3
RB,69,Jaylen Wright,MIA,6,30.7,47.1,63.1,13.4,51,-79.2,1.93,18,23,204,1.8,915,69,66.5,,32.4,2
RB,70,Emari Demercado,KC,5,29.5,45.2,79.3,21.3,90,-81.1,0.177,18,27,222,0.768,935,70,81.9,,49.8,3
RB,71,Devin Singletary,NYG,8,17.9,45,75.7,30.9,92,-81.3,2.03,18,28,213,1.08,937,71,83,,57.8,7
RB,72,Michael Carter,TEN,9,33.3,43,51.2,13.2,73,-83.3,0.591,19,27,,1.73,961,72,97.6,,17.9,5
WR,1,Puka Nacua,LAR,11,221,230,243,10,1,110,7.98,1,25,5.98,53.2,7,1,1.96,Q,22,3
WR,2,Ja'Marr Chase,CIN,6,212,222,236,12.1,4,102,8.68,1,26,4.24,60.3,9,2,1.28,,24,5
WR,3,Jaxon Smith-Njigba,SEA,11,201,214,228,11,3,93.1,13.6,2,24,12.8,49.6,12,3,3.04,,27,3
WR,4,Amon-Ra St. Brown,DET,6,197,200,203,2.93,1,79.5,21,3,26,10.9,51.1,18,4,3.84,,6,5
WR,5,Drake London,ATL,11,154,179,221,27.5,71,58.5,4.04,4,25,20.8,36,26,5,8.52,,67,4
WR,6,Justin Jefferson,MIN,6,150,175,209,21.8,57,54.5,1.18,4,27,15.2,47.6,29,6,6.59,,59,6
WR,7,CeeDee Lamb,DAL,14,159,174,192,13.9,12,53.3,3.43,4,27,14.1,48.1,30,7,5.75,,33,6
WR,8,George Pickens,DAL,14,152,171,198,22.8,61,49.9,1.97,4,25,36.1,29.5,32,8,9.96,,46,4
WR,9,Rashee Rice,KC,5,152,169,197,19.6,68,47.9,2.77,4,26,34.8,26.9,34,9,14,,45,3
WR,10,A.J. Brown,NE,11,143,166,187,18.2,43,45.1,0.216,4,29,26,34.1,36,10,8.61,,44,7
WR,11,Nico Collins,HOU,8,151,166,184,13.2,11,44.9,4.29,5,27,26.8,35.4,37,11,8.4,,33,5
WR,12,Chris Olave,NO,8,137,161,186,21.6,65,40.6,2.42,5,26,44.2,28.6,40,12,13.5,,49,4
WR,13,Zay Flowers,BAL,13,148,159,173,11.1,19,38.2,2.46,5,25,48.2,19.5,41,13,14.9,Q,25,3
WR,14,Jameson Williams,DET,6,148,156,172,9.68,18,35.7,1.92,5,25,62.6,12.8,42,14,21.5,,24,4
WR,15,Malik Nabers,NYG,8,132,155,170,15.4,54,33.8,0.977,5,23,30.5,24.5,43,15,16,Q,38,2
WR,16,Emeka Egbuka,TB,10,135,154,171,13.8,39,32.9,0.58,5,23,54.1,19.5,44,16,16.7,,36,1
WR,17,Davante Adams,LAR,11,145,153,167,9,8,32.3,0.659,5,33,59.7,20.2,45,17,21.7,,22,12
WR,18,Tee Higgins,CIN,6,139,152,169,14.5,33,31.6,2.89,5,27,45.9,20.6,46,18,15.2,,30,6
WR,19,Tetairoa McMillan,CAR,5,138,149,169,12.2,26,28.7,1.73,6,23,50.1,19.1,47,19,16.8,,31,1
WR,20,DeVonta Smith,PHI,10,132,148,160,10.4,24,27,1.24,6,27,45.4,29.3,49,20,15.3,Q,28,5
WR,21,Rome Odunze,CHI,10,134,146,161,11.7,28,25.8,0.962,6,24,72.2,10,52,21,25.4,,27,2
WR,22,Alec Pierce,IND,13,132,145,162,14.4,46,24.8,0.961,6,26,87,9.09,53,22,34.8,O,30,4
WR,23,Garrett Wilson,NYJ,13,134,145,156,7.98,7,23.8,1.07,6,26,47.2,21.9,55,23,24.4,,22,4
WR,24,Terry McLaurin,WAS,7,130,143,153,9.51,14,22.8,1.21,6,30,56.3,17.3,57,24,22.5,,23,7
WR,25,D.J. Moore,BUF,7,129,142,172,17.1,56,21.6,0.456,6,29,65,19,61,25,26.9,,43,8
WR,26,Ladd McConkey,LAC,7,132,142,157,11.3,25,21.1,3.97,6,24,48.1,16.6,62,26,20.8,,25,2
WR,27,Christian Watson,GB,11,129,138,143,5.93,6,17.1,0.328,6,27,81.9,11.2,72,27,22.8,,14,4
WR,28,Mike Evans,SF,8,126,137,149,10.1,17,16.8,1.8,6,32,71.7,14.2,73,28,26.2,Q,23,12
WR,29,Courtland Sutton,DEN,10,126,136,156,12.1,32,15,0.0492,6,30,89.6,8.18,75,29,36.1,,30,8
WR,30,Jaylen Waddle,DEN,10,124,136,147,8.56,15,14.9,3.16,7,27,67.6,20.8,76,30,22,Q,23,5
WR,31,DK Metcalf,PIT,9,119,132,149,11.1,22,11.8,2.22,7,28,86.2,10.7,82,31,33.3,Q,30,7
WR,32,Luther Burden,CHI,10,82.4,130,174,33.8,85,9.58,1.3,7,22,64.2,13.3,87,32,25.9,Q,91.6,1
WR,33,Brian Thomas Jr.,JAC,7,112,129,151,15.8,42,8.27,0.247,7,23,78,6.39,93,33,33.1,,39,2
WR,34,Marvin Harrison Jr.,ARI,14,110,129,146,13.9,35,8.02,4.05,7,24,78.3,8.26,94,34,32.9,,36,2
WR,35,Parker Washington,JAC,7,101,125,139,16.3,58,3.98,3.98,7,24,94.7,9.83,107,35,33.6,,38,3
WR,36,Michael Wilson,ARI,14,104,121,153,20.8,69,0,0.18,7,26,103,7.1,130,36,42,,49,3
WR,37,Carnell Tate,TEN,9,97.3,120,142,17.9,67,-0.18,0.78,8,21,79.9,29.5,132,37,32.8,,44.7,0
WR,38,Chris Godwin,TB,10,101,120,147,18.3,60,-0.96,5.56,8,30,112,7.83,139,38,40.4,,46,9
WR,39,Jordan Addison,MIN,6,93.4,114,141,18.1,53,-6.52,0.597,8,24,116,4.41,175,39,41,Q,47.6,3
WR,40,Quentin Johnston,LAC,7,99.3,114,130,13,31,-7.12,1.25,8,24,120,5.67,181,40,38.1,,30.7,3
WR,41,Tyreek Hill,FA,,,112,,,99,-8.37,2.06,8,32,186,2.88,188,41,93.7,Q,,10
WR,42,Jakobi Meyers,JAC,7,95,110,135,15.1,51,-10.4,1.31,8,29,123,4.09,205,42,46.7,,40,7
WR,43,Jayden Reed,GB,11,74.1,109,139,24.6,75,-11.7,0.944,8,26,134,3.67,218,43,44,,64.9,3
WR,44,Xavier Worthy,KC,5,81.4,108,122,16.8,62,-12.7,0.279,8,23,126,2.54,230,44,47.1,Q,40.6,2
WR,45,Xavier Worthy,KC,5,81.4,108,122,16.8,62,-12.7,0.279,8,23,126,2.54,230,44,47.1,Q,40.6,2
WR,46,Wan'Dale Robinson,TEN,9,87.7,108,151,25.3,76,-13,1.16,8,25,115,6.46,233,45,49.3,,63.3,4
WR,47,Michael Pittman,PIT,9,87,107,118,12.8,40,-14.1,1.92,9,28,120,7.71,246,46,44.6,Q,31,6
WR,48,Romeo Doubs,NE,11,87.4,105,121,12.4,47,-16,0.492,9,26,142,3.94,267,47,51.7,,33.6,4
WR,49,Jordyn Tyson,NO,8,62.2,104,137,28.8,86,-16.5,1.26,9,22,98.7,23.9,274,48,39,,74.8,0
WR,50,Josh Downs,IND,13,93.8,103,113,8.39,21,-17.8,0.824,9,25,121,5.03,289,49,47.7,Q,19.2,3
WR,51,Stefon Diggs,WAS,7,91.1,102,114,10,72,-18.6,1.25,9,32,131,5.71,298,50,49.6,,22.9,11
WR,52,Deebo Samuel,SF,8,73.1,101,122,21.5,90,-19.9,0.563,9,56,135,3.82,315,51,53.8,,48.9,7
WR,53,Makai Lemon,PHI,10,88.7,100,121,14.7,50,-20.4,2.88,9,22,110,21.2,320,52,42.6,Q,32.3,0
WR,54,Rashid Shaheed,SEA,11,59,97.4,130,27.6,78,-23.3,0.496,9,27,148,3.23,349,53,54.9,,71,4
WR,55,Matthew Golden,GB,11,60.4,96.9,119,23.3,81,-23.8,0.473,9,23,125,3.54,354,54,53.6,,58.6,1
WR,56,Theo Wease,MIA,6,,96.4,,,99,-24.3,4.03,9,25,160,,357,55,152,,,1
WR,57,Jerry Jeudy,CLE,11,81.1,92.4,115,13.1,49,-28.3,0.245,9,27,154,3.99,393,56,64.3,,33.9,6
WR,58,Khalil Shakir,BUF,7,82,92.1,98.9,7.77,10,-28.5,0.864,9,26,141,3.42,398,57,55.4,,16.9,4
WR,59,Calvin Ridley,TEN,9,51.9,91.3,124,29.2,96,-29.4,0.818,10,31,163,1.57,406,58,73.8,,72.1,8
WR,60,Jayden Higgins,HOU,8,76.2,90.4,102,10.8,29,-30.2,1.07,10,23,147,2.85,415,59,49.5,,25.8,1
WR,61,Jalen Coker,CAR,5,77.7,89.4,106,13.3,38,-31.3,1.54,10,24,153,2.93,420,60,53.3,,28.3,2
WR,62,Rashod Bateman,BAL,13,68.4,87.8,116,20.6,83,-32.8,0.13,10,26,176,1.65,432,61,76,,47.6,5
WR,63,Tre Tucker,LVR,13,78.7,87.7,95.6,6.94,44,-33,0.698,10,25,179,2.1,433,62,66.4,,16.9,3
WR,64,KC Concepcion,CLE,11,45.7,87,109,25.6,89,-33.7,2.26,10,21,136,15.7,438,63,54.3,,63.3,0
WR,65,Jalen McMillan,TB,10,79.2,84.7,89.3,4.46,36,-35.9,2.03,10,24,180,2.53,455,64,64.5,Q,10.1,2
WR,66,Jauan Jennings,MIN,6,62.6,82.7,109,21.3,82,-38,0.685,10,29,163,2.02,471,65,61.8,,46.4,6
WR,67,Jalen Nailor,LVR,13,58.6,82,112,21.1,93,-38.6,1.24,10,27,186,2.69,474,66,71.8,,53.4,4
WR,68,Kayshon Boutte,NE,11,48.8,80.8,120,32.7,94,-39.9,4.35,10,24,182,1.91,487,67,69.1,,71.2,3
WR,69,Adonai Mitchell,NYJ,13,56.4,76.4,94.8,16.9,79,-44.2,1.17,11,23,198,1.94,530,68,66,,38.4,2
WR,70,Malik Washington,MIA,6,60.6,75.3,101,18.2,88,-45.4,0.664,11,25,173,2.82,546,69,79.2,,40.4,2
WR,71,Denzel Boston,CLE,11,42.8,74.6,97.4,23.9,92,-46.1,4,11,22,158,9.56,556,70,64.8,,54.6,0
WR,72,Nathaniel Dell,HOU,8,17.9,70.6,114,40,97,-50.1,1.02,11,26,173,3.14,605,71,80.8,Q,96.1,3
WR,73,Cooper Kupp,SEA,11,59.6,69.6,89.8,13.4,74,-51.1,0.497,11,33,167,2.75,615,72,83.9,,30.2,9
TE,1,Trey McBride,ARI,14,134,156,172,16.6,34,54.5,9.11,1,26,24.9,31.2,28,1,2.17,,38,4
TE,2,Brock Bowers,LVR,13,131,147,156,10.6,1,45.4,19.2,2,23,23.8,31.3,35,2,1.16,,25,2
TE,3,Colston Loveland,CHI,10,114,127,147,13.2,26,26.2,9.88,3,22,57.8,18.4,51,3,3.21,,33,1
TE,4,Tyler Warren,IND,13,103,118,130,10.4,6,16.4,2.33,4,24,58.2,15.1,74,4,4.67,,27,1
TE,5,Harold Fannin,CLE,11,99.4,115,134,15.9,57,14,0.571,4,22,76.3,7.35,78,5,7.83,,34.6,1
TE,6,Tucker Kraft,GB,11,102,115,141,17.6,51,13.5,1.09,4,25,83.1,11.4,79,6,4.44,Q,39,3
TE,7,Kyle Pitts,ATL,11,104,114,134,12.6,23,12.4,2.47,4,25,83.7,10.9,81,7,8.26,,30,5
TE,8,Dallas Goedert,PHI,10,86.8,111,139,19.8,77,9.9,0.778,4,31,115,3.64,86,8,12.7,,52.2,8
TE,9,Mark Andrews,BAL,13,106,110,115,4.27,9,9.12,0.544,4,30,112,4.29,88,9,12.4,,9,8
TE,10,Sam LaPorta,DET,6,103,110,125,9.76,3,8.58,3.9,5,25,72.3,8.95,92,10,6.36,,22,3
TE,11,George Kittle,SF,8,85.4,106,125,15.2,74,4.68,1.85,5,32,91.2,7.78,104,11,10.2,O,39.6,9
TE,12,Travis Kelce,KC,5,94.1,104,117,9.22,17,2.82,2.82,5,36,101,5.94,112,12,11.6,,22.9,13
TE,13,Dalton Kincaid,BUF,7,90.8,101,119,12.5,49,0,1.22,5,26,124,4.39,130,13,11.1,,28.2,3
TE,14,Isaiah Likely,NYG,8,85.4,100,125,17.9,83,-1.22,0.927,5,26,117,4.75,142,14,12.7,,39.6,4
TE,15,Hunter Henry,NE,11,92.5,99.1,107,6.94,14,-2.15,8.99,6,31,149,2.52,150,15,17.9,,14.5,10
TE,16,Juwan Johnson,NO,8,77,90.1,105,13.1,63,-11.1,0.11,6,29,153,3.17,212,16,17.8,,28,6
TE,17,Brenton Strange,JAC,7,80.9,90,109,12.7,66,-11.3,1.24,6,25,159,2.95,214,17,17.9,,28.1,3
TE,18,Jake Ferguson,DAL,14,79.7,88.7,99.2,8.26,11,-12.5,4.65,7,27,126,3.43,225,18,15,,19.5,4
TE,19,Pat Freiermuth,PIT,9,78.3,84.1,94.2,6.38,43,-17.1,0.37,7,27,168,1.62,281,19,27.8,,15.9,5
TE,20,Dalton Schultz,HOU,8,74,83.7,92.1,7.5,31,-17.5,1.22,7,30,170,1.79,286,20,23.7,,18.1,8
TE,21,T.J. Hockenson,MIN,6,74.9,82.5,98.7,9.71,29,-18.7,0.115,7,29,130,2.91,300,21,25.3,,23.8,7
TE,22,Kenyon Sadiq,NYJ,13,57.4,82.4,102,17.6,91,-18.8,3.17,7,21,141,4.9,302,22,23.9,Q,44.6,0
TE,23,Chigoziem Okonkwo,WAS,7,68.3,79.2,96.4,11.6,60,-22,1.42,8,26,158,3.54,339,23,19,,28.1,4
TE,24,AJ Barner,SEA,11,64.8,77.8,91.4,11.2,40,-23.4,1.05,8,24,169,2.19,350,24,22.7,,26.6,2
TE,25,Greg Dulcich,MIA,6,64.8,76.7,84.6,8.02,80,-24.5,0.777,8,26,172,2.23,361,25,24.2,,19.8,4
TE,26,Cade Otton,TB,10,56.9,75.9,94.3,15.9,71,-25.3,0.742,8,27,178,1.95,368,26,29.2,,37.4,4
TE,27,Oronde Gadsden,LAC,7,60.4,75.2,83.8,10.2,54,-26,6.65,8,23,163,3.77,376,27,19.2,,23.4,1
TE,28,Mike Gesicki,CIN,6,63.6,68.6,72,3.19,37,-32.7,0.542,9,30,202,1.47,430,28,33,,8.4,8
TE,29,David Njoku,LAC,7,45.2,68,102,23.9,89,-33.2,1.83,9,30,157,1.51,435,29,28.4,,56.8,9
TE,30,Gunnar Helm,TEN,9,56.4,66.2,82.5,9.97,46,-35,1.85,9,23,195,1.91,444,30,27.6,,26.1,1
TE,31,Colby Parkinson,LAR,11,41.9,64.3,102,26,94,-36.9,0.135,9,27,193,1.38,464,31,31,,60.1,6
TE,32,Terrance Ferguson,LAR,11,25,64.2,87.6,26.3,99,-37,4.73,9,23,170,2.32,465,32,24.1,,62.6,1
TE,33,Evan Engram,DEN,10,50.9,59.5,66.6,7.04,20,-41.8,5.57,10,31,174,1.24,508,33,32.6,,15.7,9
TE,34,Jonnu Smith,FA,,,53.9,,,97,-47.3,0.733,10,30,112,,571,34,54.5,,,9
TE,35,Dawson Knox,BUF,7,44.8,53.2,61.7,6.96,69,-48.1,1.53,10,29,244,0.756,577,35,43.3,,16.9,7
TE,36,Theo Johnson,NYG,8,39.1,51.6,70,16.5,86,-49.6,0.47,10,25,227,1.34,597,36,34.2,,30.9,2
K,1,Brandon Aubrey,DAL,14,165,175,187,8.49,1,26.6,6.7,1,31,103,5.9,50,1,1.11,,22,3
K,2,Kaimi Fairbairn,HOU,8,158,169,182,11.9,67,19.9,0.388,1,32,135,2.44,64,2,2.97,,24,10
K,3,Jason Myers,SEA,11,158,168,190,13.4,10,19.5,6.31,1,35,151,2.42,65,3,4.61,,32,
K,4,Cameron Dicker,LAC,7,141,162,169,12.8,13,13.2,10,2,26,132,2.93,80,4,3.39,,28,4
K,5,Chase McLaughlin,TB,10,147,152,161,5.93,23,3.2,1.5,2,30,172,1.42,111,5,12.6,,14,7
K,6,Jake Bates,DET,6,140,151,165,9.81,37,1.7,1.68,2,27,159,2.05,119,6,10.8,,25,3
K,7,Cam Little,JAC,7,144,149,161,7.29,17,0.0262,0.0262,2,22,153,2.68,129,7,5.21,,17,2
K,8,Will Reichard,MIN,6,141,149,160,7.8,63,0,0.169,2,25,184,1.38,130,8,15.8,,19,2
K,9,Tyler Loop,BAL,13,134,149,166,12.9,30,-0.169,0.385,2,25,179,1.77,131,9,7.5,,32,1
K,10,Harrison Mevis,LAR,11,134,148,159,12.4,73,-0.554,0.748,2,24,164,1.78,134,10,11.6,,25,2
K,11,Harrison Butker,KC,5,129,148,158,11.7,47,-1.3,0.847,2,31,168,1.53,144,11,14.5,,29,9
K,12,Wil Lutz,DEN,10,139,147,151,4.81,3,-2.15,1.11,2,32,166,1.4,149,12,16.3,,12,10
K,13,Blake Grupe,IND,13,134,146,170,15.2,80,-3.26,1.66,2,27,160,0,156,13,22.6,,36,3
K,14,Cairo Santos,CHI,10,126,144,161,13.2,43,-4.92,0.904,2,34,177,1.31,166,14,9.97,,35,12
K,15,Eddy Pineiro,SF,8,118,143,151,15.3,33,-5.83,4.94,3,30,160,1.55,171,15,7.08,,33,8
K,16,Andres Borregales,NE,11,125,138,149,8.78,60,-10.8,1.34,3,23,168,0.737,207,16,11.7,,24,1
K,17,Nick Folk,ATL,11,113,137,171,22.8,87,-12.1,0.546,3,41,161,0,222,17,23.9,,58,19
K,18,Jake Elliott,PHI,10,130,136,142,5.07,7,-12.7,0.233,3,31,167,1.47,228,18,19.4,,12,9
K,19,Charlie Smyth,NO,8,118,136,144,10.9,20,-12.9,0.248,3,25,170,0,232,19,18.1,,26,2
K,20,Trey Smack,GB,11,95.3,136,162,26.2,99,-13.1,0.0592,3,23,170,0,235,20,24.7,,66.7,0
K,21,Drew Stevens,WAS,7,,136,,,,-13.2,1.11,3,22,,,236,21,,,,0
K,22,Evan McPherson,CIN,6,107,135,154,18.2,77,-14.3,0.177,3,27,172,1.45,248,22,10.2,,47,5
K,23,Chris Boswell,PIT,9,127,134,140,5.99,50,-14.5,0.728,3,35,143,1.71,249,23,14.1,,13,12
K,24,Tyler Bass,BUF,7,102,134,145,19.1,83,-15.2,2.76,3,29,169,1.21,256,24,20.3,,43,6
K,25,Chad Ryland,ARI,14,126,131,137,4.53,27,-18,2.43,4,26,170,0.672,294,25,23.2,,11,3
K,26,Joey Slye,TEN,9,121,128,140,9.88,40,-20.4,0.0207,4,30,170,0,319,26,24.5,,19,7
K,27,Jake Moody,WAS,7,105,128,138,16.7,90,-20.4,3.33,4,26,170,0,321,27,26.1,,33,3
K,28,Riley Patterson,MIA,6,105,125,136,15,97,-23.8,5.58,4,26,,,353,28,33.5,,31,5
K,29,Ryan Fitzgerald,CAR,5,99.5,120,131,13.3,57,-29.3,2.41,4,25,170,0,405,29,25.2,,31.5,1
K,30,Matt Gay,LVR,13,89.6,117,129,16.9,70,-31.7,4.52,5,32,159,0,421,30,30.7,,39.4,7
K,31,Andre Szmyt,CLE,11,89.3,113,128,16.3,53,-36.3,3.38,5,27,170,0,456,31,31.4,,38.7,3
K,32,Jason Sanders,NYJ,13,75.8,109,139,35.6,93,-39.6,2.36,5,30,139,0,485,32,30.2,,63.2,8
DST,1,Texans,HOU,8,87.1,107,127,15.9,39,3.54,3.43,1,,109,3.92,109,1,1.31,,39.9,
DST,2,Seahawks,SEA,11,87.1,104,131,17.6,55,0.106,0.106,1,,122,2.38,128,2,3.38,,43.9,
DST,3,Broncos,DEN,10,90.2,104,119,11.5,16,0,9.48,2,,99.7,2.75,130,3,2.9,,28.8,
DST,4,Chargers,LAC,7,86.3,94.1,108,8.82,19,-9.48,0.209,2,,155,0.97,194,4,10.2,,21.7,
DST,5,Rams,LAR,11,84.2,93.9,103,8.66,10,-9.68,2.83,3,,114,3.76,197,5,3.33,,18.8,
DST,6,Bills,BUF,7,87.8,91.1,95.5,3.8,1,-12.5,0.753,4,,156,0.767,226,6,16,,7.7,
DST,7,Steelers,PIT,9,86.5,90.3,94.6,4,3,-13.3,0.0251,4,,141,1.27,238,7,8.74,,8.1,
DST,8,Browns,CLE,11,81.1,90.3,101,9.37,84,-13.3,0.0253,4,,156,0.95,239,8,14.9,,19.9,
DST,9,Lions,DET,6,81.2,90.3,107,10.8,35,-13.3,1.47,5,,155,1.28,240,9,14.4,,25.8,
DST,10,Vikings,MIN,6,81.3,88.8,104,9.62,58,-14.8,0.946,6,,149,0.853,253,10,8.48,,22.7,
DST,11,Eagles,PHI,10,78.2,87.9,97.9,8.65,6,-15.7,0.758,7,,127,1.38,263,11,5.33,,19.7,
DST,12,Saints,NO,8,78.3,87.1,98.6,8.28,65,-16.5,0.191,7,,168,0,273,12,18.8,,20.3,
DST,13,Ravens,BAL,13,77.3,86.9,98,8.66,32,-16.7,0.0769,7,,147,1.2,275,13,10.7,,20.7,
DST,14,Falcons,ATL,11,76.2,86.8,105,11.8,45,-16.8,0.701,8,,157,0,277,14,19,,28.8,
DST,15,Jaguars,JAC,7,79.5,86.1,94.3,6.81,13,-17.5,2,9,,162,0.903,285,15,8.83,,14.8,
DST,16,Patriots,NE,11,69.6,84.1,95.7,10.7,81,-19.5,0.384,9,,148,1.27,310,16,8.1,,26.1,
DST,17,Bears,CHI,10,72.6,83.8,91.2,7.8,61,-19.9,0.932,10,,153,0.1,314,17,20,,18.6,
DST,18,Titans,TEN,9,65.1,82.8,90.7,11.5,52,-20.8,0.0226,10,,187,0,325,18,26.2,,25.6,
DST,19,Commanders,WAS,7,64.7,82.8,96.2,14,94,-20.8,1.32,11,,158,0,327,19,26.8,,31.5,
DST,20,Giants,NYG,8,67.6,81.5,100,12.3,77,-22.1,0.219,12,,162,0.733,340,20,22.7,,32.4,
DST,21,Bengals,CIN,6,72.2,81.3,91.3,8.23,87,-22.3,1.19,13,,134,0,342,21,25.1,,19.1,
DST,22,Packers,GB,11,66.4,80.1,96,12.7,71,-23.5,0.926,14,,158,0.913,352,22,12.9,,29.6,
DST,23,Chiefs,KC,5,69.3,79.1,87.6,8.28,26,-24.5,0.779,14,,158,1.2,359,23,14.2,,18.3,
DST,24,Buccaneers,TB,10,68.3,78.4,90.6,9.39,74,-25.2,0.101,14,,149,0.1,366,24,23,,22.3,
DST,25,Colts,IND,13,67.3,78.3,86.7,7.97,23,-25.3,1.22,15,,159,0,370,25,20.1,,19.4,
DST,26,Cowboys,DAL,14,56.2,77,99.4,16.3,99,-26.6,0.625,15,,170,0.1,381,26,21.8,,43.2,
DST,27,Panthers,CAR,5,63.7,76.4,82.9,8.39,42,-27.2,1.36,16,,170,0.1,387,27,23.2,,19.2,
DST,28,Cardinals,ARI,14,58.6,75.1,90.9,13.8,29,-28.5,0.0892,16,,153,0,397,28,31.6,,32.3,
DST,29,Dolphins,MIA,6,55.7,75,89.8,15.4,90,-28.6,0.152,16,,169,0,400,29,27.5,,34.1,
DST,30,Raiders,LVR,13,59.9,74.8,85.8,12.7,48,-28.8,1.27,17,,170,0,402,30,28.9,,25.9,
DST,31,Jets,NYJ,13,55.4,73.5,91,16.1,68,-30.1,2.56,18,,170,0,411,31,30.2,,35.6,
DST,32,49ers,SF,8,46.4,71,91.1,18,97,-32.6,0,18,,146,0.75,428,32,18.4,,44.7,
DL,1,Maxx Crosby,LVR,13,72.1,85.3,107,20.4,61,18.9,9.91,1,28,99,21.9,67,1,3.38,,34.9,7
DL,2,Andrew Van Ginkel,MIN,6,60.7,75.4,99.6,22.7,81,9,2.27,1,31,,11,89,2,12.7,,38.9,7
DL,3,Andrew Van Ginkel,MIN,6,60.7,75.4,99.6,22.7,87,9,2.27,1,31,,11,89,2,40.4,,38.9,7
DL,4,Myles Garrett,LAR,11,60.8,73.1,87.9,14.4,20,6.72,1.27,1,30,,,97,3,1.15,Q,27.1,9
DL,5,Brian Burns,NYG,8,52.8,71.8,90.7,19.6,56,5.45,0.343,1,28,126,9.5,99,4,7.38,,37.9,7
DL,6,Brian Burns,NYG,8,52.8,71.8,90.7,19.6,76,5.45,0.343,1,28,126,9.5,99,4,38.6,,37.9,7
DL,7,Aidan Hutchinson,DET,6,65.1,71.5,81.3,9.19,1,5.11,0.705,1,26,89.6,,101,5,2.15,,16.2,4
DL,8,Aidan Hutchinson,DET,6,65.1,71.5,81.3,9.19,1,5.11,0.705,1,26,89.6,,101,5,2.15,,16.2,4
DL,9,Jeffery Simmons,TEN,9,52.1,70.8,99.1,26.6,96,4.4,0.0858,1,29,,5.83,105,6,14.2,,47,7
DL,10,Chase Young,NO,8,60.1,70.7,81.1,10.9,9,4.32,2.74,1,27,,9.48,106,7,26.9,,21,6
DL,11,Nick Bosa,SF,8,57.6,67.9,86.2,17,38,1.58,0.902,1,28,,9.94,122,8,5.62,Q,28.6,7
DL,12,Byron Young,LAR,11,51,67,81.6,22.3,99,0.674,0.674,1,28,,,126,9,,,30.6,3
DL,13,Alex Highsmith,PIT,9,57.1,66.4,82.2,14.8,29,0,0.595,1,29,,11.2,130,10,17.8,,25.1,6
DL,14,Alex Highsmith,PIT,9,57.1,66.4,82.2,14.8,42,0,0.595,1,29,,11.2,130,10,53.6,,25.1,6
DL,15,T.J. Watt,PIT,9,54.6,65.8,83.7,16.8,34,-0.595,0.273,1,31,,18.1,135,11,7.46,,29.1,9
DL,16,T.J. Watt,PIT,9,54.6,65.8,83.7,16.8,63,-0.595,0.273,1,31,,18.1,135,11,33.9,,29.1,9
DL,17,Jared Verse,CLE,11,56.1,65.5,79.3,13,15,-0.868,0.0674,1,25,173,,137,12,14.8,,23.2,2
DL,18,Jared Verse,CLE,11,56.1,65.5,79.3,13,48,-0.868,0.0674,1,25,173,,137,12,50.6,,23.2,2
DL,19,Will Anderson,HOU,8,55,65.4,81.5,15,27,-0.936,0.848,1,24,90.6,17.4,138,13,3.77,,26.5,3
DL,20,Tuli Tuipulotu,LAC,7,57.1,64.6,75.8,10.5,3,-1.78,0.929,1,23,,9.6,147,14,15.6,,18.7,3
DL,21,Tuli Tuipulotu,LAC,7,57.1,64.6,75.8,10.5,10,-1.78,0.929,1,23,,9.6,147,14,49.1,,18.7,3
DL,22,Tommy Togiai,HOU,8,46.3,63.7,79.4,24,93,-2.71,0.0887,1,26,,3.14,153,15,106,,33.1,5
DL,23,Danielle Hunter,HOU,8,54.3,63.6,78.4,13.9,17,-2.8,3.84,2,31,,11.7,154,16,7.23,,24.1,11
DL,24,Danielle Hunter,HOU,8,54.3,63.6,78.4,13.9,30,-2.8,3.84,2,31,,11.7,154,16,34,,24.1,11
DL,25,Josh Allen,JAC,7,50.1,59.7,74.7,14.1,22,-6.64,0.479,2,29,,5.38,176,17,13.8,,24.6,7
DL,26,Josh Allen,JAC,7,50.1,59.7,74.7,14.1,33,-6.64,0.479,2,29,,5.38,176,17,46.7,,24.6,7
DL,27,Jonathan Greenard,PHI,10,47.4,59.2,75.7,15.6,39,-7.12,0.0289,2,29,,,180,18,29.5,O,28.3,6
DL,28,Jonathan Greenard,PHI,10,47.4,59.2,75.7,15.6,80,-7.12,0.0289,2,29,,,180,18,86,O,28.3,6
DL,29,Derrick Brown,CAR,5,46.1,59.2,82.4,21.6,79,-7.15,0.951,2,28,,8.06,182,19,42.3,Q,36.3,6
DL,30,DeForest Buckner,IND,13,41,58.3,84,24.2,92,-8.1,0.513,2,32,,8.59,187,20,25.5,,43,10
DL,31,Trey Hendrickson,BAL,13,48.9,57.8,68.2,10.2,4,-8.61,0.0124,2,31,,6.7,189,21,19.8,,19.3,9
DL,32,Trey Hendrickson,BAL,13,48.9,57.8,68.2,10.2,21,-8.61,0.0124,2,31,,6.7,189,21,61.7,,19.3,9
DL,33,Laiatu Latu,IND,13,46.4,57.7,66.8,10.8,6,-8.62,0.991,2,25,,,190,22,15.9,,20.4,2
DL,34,Carl Granderson,NO,8,47.1,56.8,70.7,13.1,24,-9.61,0.0261,2,29,,,195,23,53.4,,23.6,7
DL,35,Carl Granderson,NO,8,47.1,56.8,70.7,13.1,70,-9.61,0.0261,2,29,,,195,23,92,,23.6,7
DL,36,Nik Bonitto,DEN,10,49.3,56.7,65.9,8.88,2,-9.64,0.347,2,26,171,11.1,196,24,12.5,,16.6,4
DL,37,Nik Bonitto,DEN,10,49.3,56.7,65.9,8.88,25,-9.64,0.347,2,26,171,11.1,196,24,50.3,,16.6,4
DL,38,Demarcus Lawrence,SEA,11,45.7,56.4,73.9,16.4,51,-9.99,0.868,2,34,,3.31,201,25,46.6,,28.2,12
DL,39,Demarcus Lawrence,SEA,11,45.7,56.4,73.9,16.4,97,-9.99,0.868,2,34,,3.31,201,25,91,,28.2,12
DL,40,Travon Walker,JAC,7,43.7,55.5,74.3,17.6,54,-10.9,0.075,2,25,,,208,26,34.6,,30.6,4
DL,41,Travon Walker,JAC,7,43.7,55.5,74.3,17.6,66,-10.9,0.075,2,25,,,208,26,93.3,,30.6,4
DL,42,Dallas Turner,MIN,6,41.1,55.4,79.3,22.3,82,-10.9,0.142,2,23,,,209,27,23.6,,38.2,2
DL,43,Dallas Turner,MIN,6,41.1,55.4,79.3,22.3,91,-10.9,0.142,2,23,,,209,27,59.6,,38.2,2
DL,44,Cameron Heyward,PIT,9,41.7,55.3,75,18.5,65,-11.1,0.473,2,37,,2.66,211,28,35.6,,33.3,15
DL,45,Montez Sweat,CHI,10,40.3,54.8,68.8,14.7,26,-11.5,0.521,2,29,,,216,29,21.7,Q,28.5,7
DL,46,Myles Murphy,CIN,6,44.3,54.3,64,10.3,19,-12.1,0.613,2,24,,5.09,220,30,60.3,,19.7,3
DL,47,Gregory Rousseau,BUF,7,41.1,53.7,71.9,17.2,44,-12.7,0.107,2,26,,,229,31,27.6,,30.8,5
DL,48,Gregory Rousseau,BUF,7,41.1,53.7,71.9,17.2,73,-12.7,0.107,2,26,,,229,31,80.4,,30.8,5
DL,49,YaYa Diaby,TB,10,45.9,53.6,66.4,12,43,-12.8,1.31,2,27,,,231,32,50.4,,20.5,3
DL,50,YaYa Diaby,TB,10,45.9,53.6,66.4,12,64,-12.8,1.31,2,27,,,231,32,91,,20.5,3
DL,51,Jordan Davis,PHI,10,37.4,52.3,75.6,21.9,83,-14.1,0.651,2,26,,8.69,245,33,80.2,,38.2,4
DL,52,George Karlaftis,KC,5,40.8,51.6,70,17.2,46,-14.7,0.0337,2,25,,,251,34,26.9,,29.2,4
DL,53,Harold Landry,NE,11,33.7,51.6,67.6,17.5,89,-14.8,0.323,2,30,,,252,35,42.9,O,33.9,8
DL,54,Harold Landry,NE,11,33.7,51.6,67.6,17.5,85,-14.8,0.323,2,30,,,252,35,82.6,O,33.9,8
DL,55,Jalen Redmond,MIN,6,36.2,51.3,75,22.2,74,-15.1,0.263,2,27,,,254,36,53.6,,38.8,4
DL,56,Jadeveon Clowney,HOU,8,,51,,,,-15.4,0.254,2,33,,,258,37,,,,12
DL,57,Leonard Williams,SEA,11,33.5,50.7,68.4,18.1,52,-15.6,0.145,2,32,,,261,38,29,,34.9,11
DL,58,James Pearce,ATL,11,40.3,50.6,60.9,10.8,36,-15.8,0.00344,2,22,,,264,39,73,,20.6,1
DL,59,James Pearce,ATL,11,40.3,50.6,60.9,10.8,57,-15.8,0.00344,2,22,,,264,39,109,,20.6,1
DL,60,David Bailey,NYJ,13,42.3,50.6,64.9,13.4,84,-15.8,0.436,2,22,,,265,40,60.5,,22.6,0
DL,61,David Bailey,NYJ,13,42.3,50.6,64.9,13.4,90,-15.8,0.436,2,22,,,265,40,105,,22.6,0
DL,62,Teair Tart,LAC,7,40.8,50.2,58.7,13,28,-16.2,0.123,2,29,,,269,41,,,17.9,6
DL,63,Quinnen Williams,DAL,14,32.8,50,71,20.3,67,-16.3,0.0601,2,28,,,271,42,42.1,,38.2,7
DL,64,Jaelan Phillips,CAR,5,43,50,62,11.3,8,-16.4,0.345,2,27,,5.57,272,43,22.1,,19,5
DL,65,Jaelan Phillips,CAR,5,43,50,62,11.3,31,-16.4,0.345,2,27,,5.57,272,43,65.8,,19,5
DL,66,Boye Mafe,CIN,6,40.7,49.6,61.9,11.6,40,-16.7,0.321,2,27,,2.74,276,44,77.9,,21.2,4
DL,67,Boye Mafe,CIN,6,40.7,49.6,61.9,11.6,71,-16.7,0.321,2,27,,2.74,276,44,108,,21.2,4
DL,68,Jonah Laulu,LVR,13,36.9,49.3,60.6,17.3,78,-17.1,0.377,2,26,,,279,45,,,23.7,2
DL,69,Donovan Ezeiruaku,DAL,14,41.1,48.9,62.6,12.8,49,-17.4,0.201,2,23,,,284,46,68.8,,21.5,1
DL,70,Donovan Ezeiruaku,DAL,14,41.1,48.9,62.6,12.8,62,-17.4,0.201,2,23,,,284,46,119,,21.5,1
DL,71,Jalen Carter,PHI,10,38.1,48.7,67.2,17.2,55,-17.6,0.152,2,25,,,287,47,48.8,,29.1,3
DL,72,Patrick Jones,CAR,5,40.8,48.6,55.6,10.7,98,-17.8,0.102,2,27,,,288,48,144,,14.8,5
DL,73,Jayson Oweh,WAS,7,39.1,48.5,63.4,14,35,-17.9,0.202,3,27,,2.64,292,49,43.9,,24.3,5
DL,74,Jayson Oweh,WAS,7,39.1,48.5,63.4,14,75,-17.9,0.202,3,27,,2.64,292,49,98,,24.3,5
DL,75,Chop Robinson,MIA,6,37.4,48.3,62,13.2,45,-18.1,0.413,3,23,,,296,50,52.8,,24.6,2
DL,76,Chop Robinson,MIA,6,37.4,48.3,62,13.2,69,-18.1,0.413,3,23,,,296,50,102,,24.6,2
DL,77,Jermaine Johnson,TEN,9,37.2,47.9,61.8,13.4,18,-18.5,0.112,3,27,,5.26,297,51,42,,24.6,4
DL,78,Micah Parsons,GB,11,34.3,47.8,58.1,12.4,13,-18.6,0.119,3,27,146,11.2,299,52,29.1,O,23.8,5
DL,79,Micah Parsons,GB,11,34.3,47.8,58.1,12.4,88,-18.6,0.119,3,27,146,11.2,299,52,80.7,O,23.8,5
DL,80,Malcolm Roach,DEN,10,28.7,47.6,64.9,26.3,99,-18.7,0.12,3,28,,,301,53,,,36.2,6
DL,81,Alex Wright,CLE,11,33.5,47.5,60.5,14.1,37,-18.9,0.0217,3,25,,4.61,303,54,49.4,,27,4
DL,82,Jalyx Hunt,PHI,10,40.3,47.5,57,9.04,7,-18.9,0.128,3,25,,,305,55,67.9,,16.7,2
DL,83,Jalyx Hunt,PHI,10,40.3,47.5,57,9.04,58,-18.9,0.128,3,25,,,305,55,113,,16.7,2
DL,84,Austin Booker,CHI,10,36.1,47.4,65.7,17.1,60,-19,0.0794,3,23,,,306,56,48.8,,29.6,2
DL,85,Austin Booker,CHI,10,36.1,47.4,65.7,17.1,72,-19,0.0794,3,23,,,306,56,78.5,,29.6,2
DL,86,Bradley Chubb,BUF,7,37.2,47.3,60.6,12.7,16,-19.1,0.224,3,30,,8.83,307,57,31.5,,23.4,8
DL,87,Bradley Chubb,BUF,7,37.2,47.3,60.6,12.7,53,-19.1,0.224,3,30,,8.83,307,57,80.6,,23.4,8
DL,88,Abdul Carter,NYG,8,38.8,47.1,59.9,12.1,11,-19.3,0.272,3,22,173,,308,58,18.8,Q,21.1,1
DL,89,Abdul Carter,NYG,8,38.8,47.1,59.9,12.1,47,-19.3,0.272,3,22,173,,308,58,60,Q,21.1,1
DL,90,Will McDonald,NYJ,13,40.2,46.8,54.1,7.3,94,-19.6,0.231,3,27,,,311,59,87.4,,13.9,3
DL,91,Kobie Turner,LAR,11,38.8,46.6,58.7,11.4,12,-19.8,0.482,3,27,,,312,60,52.8,Q,19.9,3
LB,1,Jordyn Brooks,MIA,6,101,133,191,54.1,70,22.5,7.53,1,28,71,15.3,60,1,1.31,,90,6
LB,2,Blake Cashman,MIN,6,87.3,126,193,62.8,95,14.9,6.1,1,30,125,8.81,77,2,8.31,,105.7,7
LB,3,Jack Campbell,DET,6,91.6,119,167,44.8,43,8.85,1.99,1,25,,,90,3,2.38,,75.4,3
LB,4,Nick Bolton,KC,5,87.9,117,169,47.9,64,6.86,1.82,1,26,102,,96,4,12.5,,81.1,5
LB,5,Ernest Jones,SEA,11,89.1,116,157,39.2,21,5.04,1.32,1,26,99,7.66,102,5,6.54,,67.9,5
LB,6,Roquan Smith,BAL,13,91,114,154,36.7,8,3.72,1.14,1,29,104,23,108,6,3.62,,63,8
LB,7,Foyesade Oluokun,JAC,7,88.2,113,157,41.2,28,2.58,0.227,1,31,118,17.8,113,7,6.77,,68.8,8
LB,8,Cedric Gray,TEN,9,82.2,113,168,51.2,92,2.35,0.687,1,23,76.8,12,114,8,15.5,,85.8,2
LB,9,Carson Schwesinger,CLE,11,70.8,112,166,51.7,66,1.66,1.66,1,23,66,,120,9,3.08,,95.2,1
LB,10,Jamien Sherwood,NYJ,13,84.2,111,156,42.5,39,0,0.345,1,26,114,8.42,130,10,10.7,,71.8,5
LB,11,Tremaine Edmunds,NYG,8,85.3,110,149,36.1,25,-0.345,0.879,1,28,147,11.6,133,11,19.4,,63.7,8
LB,12,Fred Warner,SF,8,71.1,109,161,48.7,52,-1.22,2.64,1,29,107,21.7,143,12,7.69,,89.9,8
LB,13,Quay Walker,LVR,13,69,107,154,45.7,48,-3.87,2.01,1,26,132,14.9,161,13,12.5,,85,4
LB,14,Alex Singleton,DEN,10,71.4,105,153,45.8,57,-5.88,5.73,1,32,,11.1,173,14,18,,81.6,11
LB,15,Nate Landman,LAR,11,73.2,99,143,40.7,41,-11.6,0.371,1,27,122,12.2,217,15,12.7,,69.8,4
LB,16,Barrett Carter,CIN,6,71.7,98.7,146,44.2,54,-12,0.482,1,23,182,,219,16,35,,74.3,1
LB,17,Devin Bush,CHI,10,68.4,98.2,141,40.5,38,-12.5,0.146,1,28,,8.86,224,17,26.2,,72.6,7
LB,18,Zack Baun,PHI,10,71.3,98,137,37,11,-12.6,0.405,1,29,133,20.9,227,18,10.8,,65.7,6
LB,19,Tyrel Dodson,MIA,6,67.6,97.6,141,41.3,79,-13,0.243,1,28,,6.7,234,19,43.3,,73.4,7
LB,20,Daiyan Henley,LAC,7,66.1,97.4,136,37.3,20,-13.3,0.544,1,26,165,,237,20,27.8,,69.9,3
LB,21,Patrick Queen,PIT,9,71.1,96.8,131,32.4,30,-13.8,1.91,1,27,197,15.5,244,21,34.8,,59.9,6
LB,22,Edgerrin Cooper,GB,11,60.7,94.9,131,36.8,18,-15.7,0.36,1,24,110,,262,22,19.2,,70.3,2
LB,23,DeMarvion Overshown,DAL,14,61.3,94.6,139,42.6,77,-16.1,1.2,1,25,,,268,23,44.2,Q,77.7,3
LB,24,Sonny Styles,WAS,7,70.2,93.4,132,36.5,13,-17.3,0.161,1,21,77.4,,282,24,17.2,,61.8,0
LB,25,Zaire Franklin,GB,11,69.5,93.2,125,30.5,3,-17.4,0.369,2,30,174,15.4,283,25,17.4,,55.5,8
LB,26,Devin Lloyd,CAR,5,71,92.8,119,25.6,5,-17.8,0.00411,2,27,158,10.1,290,26,25.3,,48,4
LB,27,Robert Spillane,NE,11,54.8,92.8,140,45.3,62,-17.8,0.286,2,30,,,291,27,21.6,,85.2,8
LB,28,Nakobe Dean,LVR,13,46.7,92.6,147,53.2,80,-18.1,0.773,2,25,176,8.33,295,28,31.1,,100.3,4
LB,29,Demario Davis,NYJ,13,49.2,91.8,141,48.3,82,-18.9,0.957,2,37,,4.58,304,29,40.8,,91.8,14
LB,30,Kaden Elliss,NO,8,63,90.8,124,32.2,16,-19.8,0.538,2,31,,9.94,313,30,26.1,,61,7
LB,31,Terrel Bernard,BUF,7,63.5,90.3,125,32.9,23,-20.4,0.989,2,27,,,318,31,32,,61.5,4
LB,32,Azeez Al-Shaair,HOU,8,51.4,89.3,132,42.3,56,-21.3,1.85,2,29,,14.1,332,32,26.8,,80.6,7
LB,33,Demetrius Knight,CIN,6,66.6,87.4,121,31.3,36,-23.2,1.44,2,26,,,348,33,50.5,,54.4,1
LB,34,CJ Allen,IND,13,70.4,86,105,18.6,1,-24.6,1.65,2,21,109,,362,34,25.5,Q,34.6,0
LB,35,Mack Wilson,ARI,14,57.3,84.4,128,41,75,-26.3,0.871,2,28,,6.34,378,35,40.8,,70.7,7
LB,36,Quincy Williams,CLE,11,54.5,83.5,121,35.9,31,-27.2,0.924,2,29,,11.8,386,36,35.7,,66.5,7
LB,37,Drue Tranquill,KC,5,61.5,82.6,118,33.3,46,-28.1,0.44,2,30,,7.3,392,37,51.8,Q,56.5,7
LB,38,Divine Deablo,ATL,11,55,82.1,123,38.2,51,-28.5,0.0979,2,27,,6.58,396,38,34.2,Q,68,5
LB,39,T.J. Edwards,CHI,10,44.1,82,140,54,90,-28.6,3.27,2,30,196,13.4,399,39,24.7,,95.9,7
LB,40,Jihaad Campbell,PHI,10,50.4,78.8,121,39.8,85,-31.9,0.542,2,26,164,,424,40,50.2,,70.6,1
LB,41,Jihaad Campbell,PHI,10,50.4,78.8,121,39.8,85,-31.9,0.542,2,26,164,,424,40,50.2,,70.6,1
LB,42,Alex Anzalone,TB,10,50.9,78.2,117,36.2,44,-32.4,0.617,2,31,,,425,41,39.8,,66.1,9
LB,43,Eric Wilson,MIN,6,57.9,77.6,104,25.1,10,-33,0.958,2,31,,6.34,434,42,45.5,,46.1,9
LB,44,Dee Winters,DAL,14,53.9,76.6,104,26.5,26,-34,1.04,2,25,,8.54,439,43,41.5,,50.1,3
LB,45,Dre Greenlaw,SF,8,45.3,75.6,120,42,93,-35,0.86,2,29,,8.16,445,44,55.2,,74.7,7
LB,46,Arvell Reese,NYG,8,37.6,74.7,123,46.4,97,-35.9,0.678,2,20,126,,454,45,31.7,,85.4,0
LB,47,Arvell Reese,NYG,8,37.6,74.7,123,46.4,89,-35.9,0.678,2,20,126,,454,45,49.2,,85.4,0
LB,48,Drake Thomas,SEA,11,57.2,74.1,101,25.2,7,-36.6,0.292,2,26,,11.2,460,46,55.6,,43.8,3
LB,49,SirVocea Dennis,TB,10,60.2,73.8,86.1,18.8,84,-36.9,0.354,2,26,,,463,47,99.8,,25.9,3
LB,50,Henry To'oTo'o,HOU,8,44.7,73.4,113,37.7,49,-37.2,0.989,2,25,,,469,48,56,,68.3,3
LB,51,Cody Barton,TEN,9,46.9,72.4,101,28.6,99,-38.2,0.288,2,29,,4.49,472,49,85.7,,54.1,7
LB,52,Akeem Davis-Gaither,IND,13,40.6,72.1,114,40.1,59,-38.5,2.81,2,28,,,473,50,55.5,,73.4,6
LB,53,Christian Harris,ATL,11,48.2,69.3,103,31.6,69,-41.3,0.0572,2,25,,6.74,498,51,64,,54.8,4
LB,54,Trevin Wallace,CAR,5,47.6,69.3,104,32.7,72,-41.4,0.131,2,23,,,499,52,69.4,,56.4,2
LB,55,Derrick Barnes,DET,6,48.4,69.1,97,26.5,33,-41.5,0.136,2,27,,,502,53,72.4,,48.6,5
LB,56,Josiah Trotter,TB,10,,69,,,98,-41.6,0.116,2,21,201,,505,54,65.2,,,0
LB,57,Christian Elliss,NE,11,53.1,68.9,95.8,25.1,15,-41.8,3.36,2,27,,4.68,509,55,69,,42.7,5
LB,58,Ventrell Miller,JAC,7,47.2,65.5,94.9,27.5,61,-45.1,0.387,2,27,,6.12,542,56,59.9,,47.7,3
LB,59,Frankie Luvu,WAS,7,44.8,65.1,99.7,32.3,74,-45.5,0.764,2,29,,4.73,549,57,59.3,,54.9,8
LB,60,Omar Speights,LAR,11,46.3,64.4,90.2,24.4,34,-46.3,3.52,2,25,,,561,58,75.9,,43.9,2
LB,61,Teddye Buchanan,BAL,13,32.2,60.8,89.5,29.6,67,-49.8,2.06,3,23,,,602,59,75.1,O,57.3,1
LB,62,Payton Wilson,PIT,9,43.1,58.8,73.6,22.2,2,-51.9,2.08,3,26,,,623,60,47.2,,30.5,2
DB,1,Kyle Hamilton,BAL,13,81.6,99.2,129,27.5,34,7.3,1.37,1,25,169,12.3,95,1,2.18,,47.4,4
DB,2,Kamren Curl,LAR,11,76,97.8,126,27.3,50,5.93,0.808,1,27,,6.14,98,2,8.91,,50,6
DB,3,Talanoa Hufanga,DEN,10,76.6,97,125,26.4,42,5.12,0.34,1,26,,7.61,100,3,14.4,,48.4,5
DB,4,Nick Cross,WAS,7,83.2,96.7,118,20.3,16,4.78,1.25,1,24,,10,103,4,4.27,,34.8,4
DB,5,Tykee Smith,TB,10,69.8,95.4,131,33.3,73,3.53,1.41,1,25,,7.37,110,5,6.64,,61.2,2
DB,6,Budda Baker,ARI,14,71.6,94,127,30.9,60,2.11,0.0529,1,30,,11.1,116,6,6.09,,55.4,9
DB,7,DeShon Elliott,PIT,9,72.5,93.9,120,25.3,56,2.06,0.6,1,29,,8.64,117,7,17.6,,47.5,8
DB,8,Antoine Winfield,TB,10,71.4,93.3,115,22.7,26,1.46,1.07,1,27,,6.6,123,8,15.4,,43.6,6
DB,9,Jessie Bates,ATL,11,77.1,92.3,116,22.4,21,0.396,0.396,1,29,,9.38,127,9,6,Q,38.9,8
DB,10,Kamari Lassiter,HOU,8,75.4,91.9,117,23.2,39,0,0.829,1,23,,,130,10,36.2,,41.6,2
DB,11,Xavier McKinney,GB,11,72.8,91,118,25.6,48,-0.829,0.135,1,27,,11.6,136,11,14.8,,45.2,6
DB,12,Xavier Watts,ATL,11,77.4,90.9,111,18.8,18,-0.964,0.0818,1,24,,,140,12,20.3,Q,33.6,1
DB,13,Jaquan Brisker,PIT,9,66.6,90.8,120,28.3,55,-1.05,0.537,1,27,,5.21,141,13,27.4,,53.4,4
DB,14,Nick Emmanwori,SEA,11,61.7,90.3,121,30.9,77,-1.58,0.036,1,22,175,,145,14,4.09,O,59.3,1
DB,15,Julian Love,SEA,11,78.4,90.3,102,12.4,6,-1.62,0.328,1,28,,6.36,146,15,24.6,,23.6,7
DB,16,Chamarri Conner,KC,5,74.9,89.9,116,24.3,40,-1.95,0.45,1,26,,6.17,148,16,16.4,,41.1,3
DB,17,Trevon Moehrig,CAR,5,74.5,89.5,114,23.1,29,-2.4,0.0117,1,27,,,151,17,12.6,,39.5,5
DB,18,Kevin Byard,NE,11,79.9,89.5,103,12.8,10,-2.41,0.577,1,32,,4.18,152,18,15.6,,23.1,10
DB,19,Derwin James,LAC,7,67.3,88.9,122,30.8,65,-2.99,0.423,1,30,,7.61,155,19,2.09,,54.7,8
DB,20,Jordan Battle,CIN,6,71.3,88.5,119,28.7,66,-3.41,0.0107,1,25,,,157,20,12.7,,47.7,3
DB,21,Tyson Campbell,CLE,11,75,88.5,109,19,53,-3.42,0.0532,1,26,,4.56,158,21,66.8,,34,5
DB,22,Jeremy Chinn,LVR,13,64.1,88.4,124,33.6,74,-3.47,0.672,1,28,,,160,22,9.09,,59.9,6
DB,23,Marlon Humphrey,BAL,13,77.4,87.7,96.2,9.93,2,-4.15,0.217,1,30,,4.06,162,23,41.4,,18.8,9
DB,24,Cooper DeJean,PHI,10,69.5,87.5,103,17.1,24,-4.36,0.303,1,23,,,163,24,21.6,,33.5,2
DB,25,Devon Witherspoon,SEA,11,70.3,87.2,110,21.8,27,-4.67,0.491,1,25,,4.18,165,25,28.8,,39.7,3
DB,26,Paulson Adebo,NYG,8,65.7,86.7,113,25.1,32,-5.16,0.405,1,27,,,167,26,29.8,,47.3,5
DB,27,Alohi Gilman,KC,5,53.4,86.3,114,32.1,97,-5.56,0.00428,1,28,,3.58,169,27,81.6,,60.6,6
DB,28,Michael Jackson,CAR,5,81.9,86.3,91,6.58,3,-5.57,0.311,1,29,,,170,28,64.4,,9.1,7
DB,29,Michael Jackson,CAR,5,81.9,86.3,91,6.58,3,-5.57,0.311,1,29,,,170,28,64.4,,9.1,7
DB,30,Cole Bishop,BUF,7,66.2,86,115,27,52,-5.88,0.375,1,23,,,172,29,39.4,,48.8,2
DB,31,Marcus Jones,NE,11,78.6,85.6,93.1,10.5,58,-6.25,0.39,1,27,,3.94,174,30,79,,14.5,4
DB,32,Minkah Fitzpatrick,NYJ,13,72.5,85.2,108,21,37,-6.64,0.178,1,29,,4.63,177,31,39.1,,35.5,8
DB,33,Camryn Bynum,IND,13,69.6,85.1,97.8,14.9,13,-6.82,0.0998,1,28,,4.22,178,32,35.4,,28.2,5
DB,34,Nick Scott,CAR,5,62.5,85,114,28.1,89,-6.92,0.499,1,31,,4.58,179,33,78.6,,51.5,7
DB,35,Quentin Lake,LAR,11,61.2,84.5,112,27,63,-7.42,0.169,1,27,,,183,34,12.9,,50.8,4
DB,36,Alontae Taylor,TEN,9,71.4,84.3,98,13.9,15,-7.59,0.126,1,27,,,184,35,36.4,,26.6,4
DB,37,Christian Gonzalez,NE,11,68.3,84.2,106,21,19,-7.71,0.133,1,24,,,185,36,64.2,,37.7,3
DB,38,Justin Reid,NO,8,62.4,84,111,26,76,-7.85,1.01,2,29,,,186,37,61.7,,48.6,8
DB,39,Justin Reid,NO,8,62.4,84,111,26,90,-7.85,1.01,2,29,,,186,37,412,,48.6,8
DB,40,Josh Metellus,MIN,6,55.3,83,116,32.3,84,-8.85,0.203,2,28,,,191,38,28.7,Q,60.7,6
DB,41,Malik Mustapha,SF,8,61.3,82.8,115,30.7,85,-9.06,0.355,2,24,,,192,39,43.3,Q,53.7,2
DB,42,DaRon Bland,DAL,14,63.3,82.5,111,27.1,47,-9.41,0.401,2,27,,,193,40,54.8,,47.7,4
DB,43,Brandon Jones,DEN,10,63.9,82.1,106,22.6,31,-9.81,0.0349,2,28,,,199,41,31.6,,42.1,6
DB,44,Kool-Aid McKinstry,NO,8,69.4,82,94.9,13.3,95,-9.85,0.752,2,23,,,200,42,80,,25.5,2
DB,45,Jalen Pitre,HOU,8,55,81.3,108,27.5,45,-10.6,0.407,2,27,,,206,43,22.2,,53,4
DB,46,Jalen Thompson,DAL,14,56.8,80.9,113,30.8,81,-11,0.244,2,28,,4.1,210,44,34.7,,56.2,7
DB,47,Amani Hooker,TEN,9,50.2,80.6,107,29.4,94,-11.2,0.279,2,28,,,213,45,46.8,,56.8,7
DB,48,Riley Moss,DEN,10,77.1,80.3,83.8,4.88,1,-11.5,0.584,2,26,,,215,46,50.4,,6.7,3
DB,49,Ronnie Hickman,CLE,11,61.2,79.8,111,29.5,92,-12.1,0.0187,2,24,,,221,47,75.8,,49.8,3
DB,50,Kamren Kinchens,LAR,11,70.2,79.7,89.8,14.2,82,-12.1,1.23,2,23,,10.5,223,48,57.8,,19.6,2
DB,51,Evan Williams,GB,11,58.3,78.5,109,28.6,71,-13.4,0.153,2,25,,,241,49,44.8,,50.7,2
DB,52,Keisean Nixon,GB,11,64.1,78.4,94.3,15.8,11,-13.5,0.193,2,29,,,242,50,75,,30.2,7
DB,53,Bryan Cook,CIN,6,62.1,78.2,106,25.7,44,-13.7,0.577,2,26,,,243,51,85.6,Q,43.9,4
DB,54,Eric Murray,JAC,7,60.6,77.6,98.4,20.2,79,-14.3,0.882,2,32,,,247,52,90.2,,37.8,10
DB,55,Nate Wiggins,BAL,13,73.9,76.7,79.7,4.24,8,-15.2,0.0926,2,22,,,255,53,92.4,Q,5.8,2
DB,56,Zyon McCollum,TB,10,57.4,76.6,102,23.8,68,-15.3,0.27,2,27,,,257,54,72.8,,44.6,4
DB,57,A.J. Terrell,ATL,11,63.3,76.3,92.6,15.7,98,-15.5,0.305,2,27,,3.22,260,55,74.5,,29.3,6
DB,58,A.J. Terrell,ATL,11,63.3,76.3,92.6,15.7,98,-15.5,0.305,2,27,,3.22,260,55,74.5,,29.3,6
DB,59,Craig Woodson,NE,11,56.4,76,102,25.1,87,-15.8,0.49,2,25,,,266,56,64.7,,45.6,1
DB,60,Brian Branch,DET,6,61.1,75.5,89.2,14.5,35,-16.3,0.692,2,24,,6.58,270,57,19.7,O,28.1,3
DB,61,Trent McDuffie,LAR,11,48.8,74.9,107,31.3,69,-17,0.05,2,25,,,278,58,64.2,,58.2,4
DB,62,Grant Delpit,CLE,11,58.7,74.8,96.5,20.6,23,-17.1,0.908,2,27,,,280,59,38.2,,37.8,6
DB,63,Jeremy Reaves,WAS,7,,73.9,,,61,-18,2.22,2,29,,,293,60,224,,,8
